IBLOCK_ID;NAME;CODE;XML_ID;SECTION_XML_ID;SORT;ARTICLE;BASE_UNIT;OBEMJASCHIKA;VODNOMMESTE;MESTSHTUK;KOLICHESTVOZALPOV;KALIBR;VREMJARABOTY;BREND;SHTRIHKODSAJT;KOLVOOPT;VYSOTAPOLETA;POLNNAIMENOVANIESAJT;DETAIL_TEXT;RASPRODAZHA;NOVINKA;KOLICHESTVOVPERVOMRAZRJADE;KOLICHESTVOVOVTOROMRAZRJADE;NAIMENOVANIEPERVOGORAZRJADA;NAIMENOVANIEVTOROGORAZRJADA;KOLICHESTVOVTRETEMRAZRJADE;NAIMENOVANIETRETEGORAZRJADA;MINIMALNAJATORGEDINICAVOPTENAIMENOVANIE;MINIMALNAJATORGEDINICAVROZNICENAIMENOVANIE;VESMINTORG;OBEMMINTORG;HITPRODAZH;NEOTOBRAZHATNASAJTE;SHIRINASAJTROZNICA;VYSOTASAJTROZNICA;DLINASAJTROZNICA;SHIRINASAJTROZNICANAIMENOVANIE;VYSOTASAJTROZNICANAIMENOVANIE;DLINASAJTROZNICANAIMENOVANIE;DIAMETRSAJTROZNICANAIMENOVANIE;TOLSCHINASAJTROZNICA;TOLSCHINASAJTROZNICANAIMENOVANIE;ROZNICHNYJVES;ROZNICHNYJOBEM;NAIMENOVANIEVES;NAIMENOVANIEOBEM;DIAMETRSAJTROZNICA;ROZNICAAKCIJA;NOVINKIROZNICA;HITYPRODAZHROZNICA;SHIRINASAJTOPT;VYSOTASAJTOPT;DLINASAJTOPT;SHIRINASAJTOPTNAIMENOVANIE;VYSOTASAJTOPTNAIMENOVANIE;DLINASAJTOPTNAIMENOVANIE;TOLSCHINASAJTOPT;TOLSCHINASAJTOPTNAIMENOVANIE;OPTVES;OPTOBEM;NAIMENOVANIEVESOPT;NAIMENOVANIEOBEMOPT;DIAMETRSAJTOPT;DIAMETRSAJTOPTNAIMENOVANIE;PROCENTSKIDKI;PROF
B658816D-ECD0-44A2-AC83-AFB566EEA983;Мишура синяя с серебром 6 слой d70мм длина 2м;mishura_sinjaja_s_serebrom_6_sloj_d70mm_dlina_2m;178302у;Р9238;178302у;30300;796;0;0;0;0;0;0;0;0;0;0;;;0;0;0;0;;;0;;;;0;0;0;0;0;0;0;;;;;0;;0;0;;;0;0;0;0;0;0;0;;;;0;;0;0;;;0;;0;0;
B658816D-ECD0-44A2-AC83-AFB566EEA983;Мишура фиолетовая 6 слой d100мм длина 2м;mishura_fioletovaja_6_sloj_d100mm_dlina_2m;СР9492;Р9238;СР9492;30401;796;0;0;0;0;0;0;0;0;0;0;;;0;0;0;0;;;0;;;;0;0;0;0;0;0;0;;;;;0;;0;0;;;0;0;0;0;0;0;0;;;;0;;0;0;;;0;;0;0;
B658816D-ECD0-44A2-AC83-AFB566EEA983;Мишура фиолетовая 6 слой d50мм длина 2м;mishura_fioletovaja_6_sloj_d50mm_dlina_2m;178498*с;Р9238;178498*с;30090;796;0;0;0;0;0;0;0;0;0;0;;;0;0;0;0;;;0;;;;0;0;0;0;0;0;0;;;;;0;;0;0;;;0;0;0;0;0;0;0;;;;0;;0;0;;;0;;0;0;
B658816D-ECD0-44A2-AC83-AFB566EEA983;Мишура фиолетовая 6 слой d70мм длина 2м;mishura_fioletovaja_6_sloj_d70mm_dlina_2m;178302к;Р9238;178302к;30240;796;0;0;0;0;0;0;0;0;0;0;;;0;0;0;0;;;0;;;;0;0;0;0;0;0;0;;;;;0;;0;0;;;0;0;0;0;0;0;0;;;;0;;0;0;;;0;;0;0;
B658816D-ECD0-44A2-AC83-AFB566EEA983;Мишура фиолетовая с зол 6 слойная  d100мм длина 2м;mishura_fioletovaja_s_zol_6_slojnaja__d100mm_dlina_2m;178497и;Р9238;178497и;30400;796;0;0;0;0;0;0;0;0;0;0;;;0;0;0;0;;;0;;;;0;0;0;0;0;0;0;;;;;0;;0;0;;;0;0;0;0;0;0;0;;;;0;;0;0;;;0;;0;0;
B658816D-ECD0-44A2-AC83-AFB566EEA983;Мишура фиолетовая с золотом 6 слой d50мм длина 2м;mishura_fioletovaja_s_zolotom_6_sloj_d50mm_dlina_2m;178498*;Р9238;178498*;30150;796;0;0;0;0;0;0;0;0;0;0;;;0;0;0;0;;;0;;;;0;0;0;0;0;0;0;;;;;0;;0;0;;;0;0;0;0;0;0;0;;;;0;;0;0;;;0;;0;0;
B658816D-ECD0-44A2-AC83-AFB566EEA983;Мишура фиолетовая с золотом 6 слой d70мм длина 2м;mishura_fioletovaja_s_zolotom_6_sloj_d70mm_dlina_2m;178302ф;Р9238;178302ф;30310;796;0;0;0;0;0;0;0;0;0;0;;;0;0;0;0;;;0;;;;0;0;0;0;0;0;0;;;;;0;;0;0;;;0;0;0;0;0;0;0;;;;0;;0;0;;;0;;0;0;
B658816D-ECD0-44A2-AC83-AFB566EEA983;Мишура черная  6 слой d50мм длина 2м;mishura_chernaja__6_sloj_d50mm_dlina_2m;СР8899;Р9238;СР8899;30121;796;0;0;0;0;0;0;0;0;0;0;;;0;0;0;0;;;0;;;;0;0;0;0;0;0;0;;;;;0;;0;0;;;0;0;0;0;0;0;0;;;;0;;0;0;;;0;;0;0;
B658816D-ECD0-44A2-AC83-AFB566EEA983;Мишура черная  6 слой d70мм длина 2м;mishura_chernaja__6_sloj_d70mm_dlina_2m;СР9625;Р9238;СР9625;30293;796;0;0;0;0;0;0;0;0;0;0;;;0;0;0;0;;;0;;;;0;0;0;0;0;0;0;;;;;0;;0;0;;;0;0;0;0;0;0;0;;;;0;;0;0;;;0;;0;0;
B658816D-ECD0-44A2-AC83-AFB566EEA983;Мишура черная с золотом 6 слой d50мм длина 2м;mishura_chernaja_s_zolotom_6_sloj_d50mm_dlina_2m;178498*ъ;Р9238;178498*ъ;30151;796;0;0;0;0;0;0;0;0;0;0;;;0;0;0;0;;;0;;;;0;0;0;0;0;0;0;;;;;0;;0;0;;;0;0;0;0;0;0;0;;;;0;;0;0;;;0;;0;0;
B658816D-ECD0-44A2-AC83-AFB566EEA983;Мишура черная с золотом 6 слой d70мм длина 2м;mishura_chernaja_s_zolotom_6_sloj_d70mm_dlina_2m;178302т;Р9238;178302т;30291;796;0;0;0;0;0;0;0;0;0;0;;;0;0;0;0;;;0;;;;0;0;0;0;0;0;0;;;;;0;;0;0;;;0;0;0;0;0;0;0;;;;0;;0;0;;;0;;0;0;
B658816D-ECD0-44A2-AC83-AFB566EEA983;Мишура черная с серебром  6 слой  d100мм длина 2м;mishura_chernaja_s_serebrom__6_sloj__d100mm_dlina_2m;СР9530;Р9238;СР9530;30413;796;0;0;0;0;0;0;0;0;0;0;;;0;0;0;0;;;0;;;;0;0;0;0;0;0;0;;;;;0;;0;0;;;0;0;0;0;0;0;0;;;;0;;0;0;;;0;;0;0;
B658816D-ECD0-44A2-AC83-AFB566EEA983;Мишура черная с серебром 6 слой d50мм длина 2м;mishura_chernaja_s_serebrom_6_sloj_d50mm_dlina_2m;178498*з;Р9238;178498*з;30152;796;0;0;0;0;0;0;0;0;0;0;;;0;0;0;0;;;0;;;;0;0;0;0;0;0;0;;;;;0;;0;0;;;0;0;0;0;0;0;0;;;;0;;0;0;;;0;;0;0;
B658816D-ECD0-44A2-AC83-AFB566EEA983;Мишура черная с серебром 6 слой d70мм длина 2м;mishura_chernaja_s_serebrom_6_sloj_d70mm_dlina_2m;СР9522;Р9238;СР9522;30292;796;0;0;0;0;0;0;0;0;0;0;;;0;0;0;0;;;0;;;;0;0;0;0;0;0;0;;;;;0;;0;0;;;0;0;0;0;0;0;0;;;;0;;0;0;;;0;;0;0;
B658816D-ECD0-44A2-AC83-AFB566EEA983;Мишура шестислойная d100, Д2м ЦВЕТА В АССОРТИМЕНТЕ;mishura_shestislojnaja_d100_d2m_cveta_v_assortimente;СР9370;Р9238;СР9370;30005;796;0;0;0;0;0;0;0;0;0;0;;;0;0;0;0;;;0;;;;0;0;0;0;0;0;0;;;;;0;;0;0;;;0;0;0;0;0;0;0;;;;0;;0;0;;;0;;0;0;
B658816D-ECD0-44A2-AC83-AFB566EEA983;Мишура шоколадная  6 слойная  d100мм длина 2м;mishura_shokoladnaja__6_slojnaja__d100mm_dlina_2m;СР97237;Р9238;СР97237;30391;796;0;0;0;0;0;0;0;0;0;0;;;0;0;0;0;;;0;;;;0;0;0;0;0;0;0;;;;;0;;0;0;;;0;0;0;0;0;0;0;;;;0;;0;0;;;0;;0;0;
B658816D-ECD0-44A2-AC83-AFB566EEA983;Мишура шоколадная 6 слой d70мм длина 2м;mishura_shokoladnaja_6_sloj_d70mm_dlina_2m;СР97234;Р9238;СР97234;30233;796;0;0;0;0;0;0;0;0;0;0;;;0;0;0;0;;;0;;;;0;0;0;0;0;0;0;;;;;0;;0;0;;;0;0;0;0;0;0;0;;;;0;;0;0;;;0;;0;0;
B658816D-ECD0-44A2-AC83-AFB566EEA983;МКС 1/20/3;mks_1203;186188;Р7685;186188;А2054---;796;0.1134;0;0;0;0;0;0;0;0;0;;;0;0;0;0;;;0;;;;0;0;0;0;0;0;0;;;;;0;;0;0;;;0;0;0;0;0;0;0;;;;0;;0;0;;;0;;0;0;
B658816D-ECD0-44A2-AC83-AFB566EEA983;Млечный путь 1/16/4;mlechnyj_put_1164;СР9187;Р7685;СР9187;А2056*---;796;0.096;0;0;0;0;0;0;0;0;0;;;0;0;0;0;;;0;;;;0;0;0;0;0;0;0;;;;;0;;0;0;;;0;0;0;0;0;0;0;;;;0;;0;0;;;0;;0;0;
B658816D-ECD0-44A2-AC83-AFB566EEA983;Млечный путь 1/20/4;mlechnyj_put_1204;СР97454;Р7685;СР97454;А2056---;796;0.096;0;0;0;0;0;0;0;0;0;;;0;0;0;0;;;0;;;;0;0;0;0;0;0;0;;;;;0;;0;0;;;0;0;0;0;0;0;0;;;;0;;0;0;;;0;;0;0;
B658816D-ECD0-44A2-AC83-AFB566EEA983;Млечный путь 1/20/4;mlechnyj_put_1204;СР99740;СР99709;СР99740;А2056;796;0.096;0;0;4;1.75;0;Легенда;4650099540503;4;35;Ракеты Млечный путь;Красные, зеленые и синие звезды с белым мерцанием, лимонные звезды с золотым мерцанием, парчовая корона с зелеными звездами, серебряные рыбки с красными звездами.;0;0;1;4;штука;упаковка;20;коробка;упаковка;упаковка;0.48;0.0048;0;1;17.5;0;89;см;;см;;4;см;315;0.00623;гр;м3;0;0;0;0;0;17.5;89;;см;см;4;см;315;0.00623;;м3;0;;0;0;
B658816D-ECD0-44A2-AC83-AFB566EEA983;Молния 1/72/2;molnija_1722;182049;СР8643;182049;А5033*---;796;0.05;0;0;0;0;0;0;0;0;0;;;0;0;0;0;;;0;;;;0;0;0;0;0;0;0;;;;;0;;0;0;;;0;0;0;0;0;0;0;;;;0;;0;0;;;0;;0;0;
B658816D-ECD0-44A2-AC83-AFB566EEA983;Мороз Воевода (1,1"х20) 1/8/1 (модуль);moroz_voevoda__11h20__181__modul_;СР99667;СР99676;СР99667;А7047;796;0.041;8;0;20;1.1;25;Легенда;4650099542064;1300;25;Батарея салютов Мороз Воевода;Зеленые звезды раскрываются зелеными георгинами в золотом мерцании, пурпурные волны, переходящие в трещащее мерцание тысячи хризантем, зеленые звезды раскрываются желтыми георгинами в трещащее мерцании, в финале одновременный залп зеленых звезд раскрывается красными мерцающими ивами с пурпурными волнами.;0;0;1;1;штука;упаковка;8;коробка;штука;штука;2.1;0.0051;0;1;12.4;17.5;18.4;см;см;см;;0;;2100;0.003993;гр;м3;0;0;0;0;12.4;17.5;18.4;см;см;см;0;;2100;0.003993;;м3;0;;0;0;
B658816D-ECD0-44A2-AC83-AFB566EEA983;Мороз и солнце (1,25"х46) 1/2/1;moroz_i_solnce__125h46__121;СР8793;Р8632;СР8793;А7425---;796;0.04;0;0;0;0;0;0;0;0;0;;;0;0;0;0;;;0;;;;0;0;0;0;0;0;0;;;;;0;;0;0;;;0;0;0;0;0;0;0;;;;0;;0;0;;;0;;0;0;
B658816D-ECD0-44A2-AC83-AFB566EEA983;Мороз красный нос (1,1"х49) 1/2/1 (модуль);moroz_krasnyj_nos__11h49__121__modul_;СР97694;Р8632;СР97694;А7506---;796;0.0243;0;0;49;1.1;60;Легенда;4650099541715;0;25;Батарея салютов Мороз Красный Нос;Красные кометы раскрываются красно-зелеными пионами в белом мерцании и пурпурными кокосами в в зеленом мерцании, зеленые кометы раскрываются пурпурно-зелеными пионами в золотом мерцании, желтые кометы раскрываются желто-зелеными пионами с трещащими стрелами, серебряные кометы раскрываются серебряными кокосами с серебряными георгинами и трещащими хризантемами, золотые кометы раскрываются золотым трещащим мерцанием, переходящим в лимонные трещащие пионы и трещащими ивами в пурпурных пионах.;0;0;1;1;штука;упаковка;2;коробка;штука;штука;4.5;0.011;0;0;0;0;0;;;;;0;;0;0;;;0;0;0;0;0;0;0;;;;0;;0;0;;;0;;0;0;
B658816D-ECD0-44A2-AC83-AFB566EEA983;Мороз красный нос (1,1"х49) 1/2/1 (модуль);moroz_krasnyj_nos__11h49__121__modul_;СР99712;СР99676;СР99712;А7506;796;0.022;2;0;49;1.1;60;Легенда;4650099541715;3400;25;Батарея салютов Мороз Красный Нос;Красные кометы раскрываются красно-зелеными пионами в белом мерцании и пурпурными кокосами в в зеленом мерцании, зеленые кометы раскрываются пурпурно-зелеными пионами в золотом мерцании, желтые кометы раскрываются желто-зелеными пионами с трещащими стрелами, серебряные кометы раскрываются серебряными кокосами с серебряными георгинами и трещащими хризантемами, золотые кометы раскрываются золотым трещащим мерцанием, переходящим в лимонные трещащие пионы и трещащими ивами в пурпурных пионах.;0;0;1;1;штука;упаковка;2;коробка;штука;штука;4.5;0.011;1;1;20.4;17.5;24.4;см;см;см;;0;;4500;0.008711;гр;м3;0;0;0;1;20.4;17.5;24.4;см;см;см;0;;4500;0.008711;;м3;0;;0;0;
B658816D-ECD0-44A2-AC83-AFB566EEA983;Мороз красный нос (1,2х25)  1/4/1;moroz_krasnyj_nos__12h25___141;СР96358;СР8733;СР96358;D7700;796;0;0;0;0;0;0;0;0;0;0;;;0;0;0;0;;;0;;;;0;0;0;0;0;0;0;;;;;0;;0;0;;;0;0;0;0;0;0;0;;;;0;;0;0;;;0;;0;0;
B658816D-ECD0-44A2-AC83-AFB566EEA983;Мороз трескучий (1"х16) 1/16/1 (модуль);moroz_treskuchij__1h16__1161__modul_;СР99660;СР99676;СР99660;А7019;796;0.044;0;0;16;1;30;Легенда;4650099541999;820;25;Батарея салютов Мороз трескучий;Зеленые звезды раскрывается желтыми кокосами в зеленых пионах, красные звезды раскрывается красными пионами с серебряным мерцанием, золотые кокосы в золотом мерцании, в финале одновременный залп синих звезд раскрывается синими кокосами в красном мерцании.;0;0;1;1;штука;упаковка;16;коробка;штука;штука;1.33;0.0028;1;1;11.8;15;14;см;см;см;;0;;1330;0.002478;гр;м3;0;0;0;1;11.8;15;14;см;см;см;0;;1330;0.002478;;м3;0;;0;0;
B658816D-ECD0-44A2-AC83-AFB566EEA983;Морозко (0,5"х16) 1/60/1;morozko__05h16__1601;186191;Р8632;186191;А7006---;796;0.039;0;0;0;0;0;0;0;0;0;;;0;0;0;0;;;0;;;;0;0;0;0;0;0;0;;;;;0;;0;0;;;0;0;0;0;0;0;0;;;;0;;0;0;;;0;;0;0;
B658816D-ECD0-44A2-AC83-AFB566EEA983;Морозко (0,5"х16) 1/60/1;morozko__05h16__1601;СР99786;СР99676;СР99786;А7006;796;0.039;0;0;16;0.5;0;Легенда;0;0;25;Батарея салютов Морозко;;0;0;1;1;штука;упаковка;60;коробка;штука;штука;0;0;0;1;0;0;0;;;;;0;;0;0;;;0;0;0;0;0;0;0;;;;0;;317;0;;;0;;0;0;
B658816D-ECD0-44A2-AC83-AFB566EEA983;Морские брызги 1/24/4;morskie_bryzgi_1244;СР9075;Т376;СР9075;Р2027;796;0;0;0;0;0;0;0;0;0;0;;;0;0;0;0;;;0;;;;0;0;0;0;0;0;0;;;;;0;;0;0;;;0;0;0;0;0;0;0;;;;0;;0;0;;;0;;0;0;
B658816D-ECD0-44A2-AC83-AFB566EEA983;Москва Златоглавая (1,25"х150) 1/1/1;moskva_zlatoglavaja__125h150__111;В8634;Р8632;В8634;А7642---;796;0.061;0;0;150;1.25;80;Легенда;4650099542927;0;30;Батарея салютов Пегас;Красные, зеленые, синие звёзды и серебряные кометы раскрываются золотыми волнами, переходящими в яркие звёзды, серебряными мерцающими стрелами, мерцающими коронами, золотыми стробами в серебряном мерцании, в финале залп раскрывающийся титановым хлопком.;1;0;1;1;штука;упаковка;1;коробка;штука;штука;23;0.0607;0;0;0;0;0;;;;;0;;0;0;;;0;0;0;0;0;0;0;;;;0;;0;0;;;0;;0;0;
B658816D-ECD0-44A2-AC83-AFB566EEA983;Мышка  15/12/20;myshka__151220;СР99575;Р8795;СР99575;03000;796;0;0;0;0;0;0;0;0;0;0;;;0;0;0;0;;;0;;;;0;0;0;0;0;0;0;;;;;0;;0;0;;;0;0;0;0;0;0;0;;;;0;;0;0;;;0;;0;0;
B658816D-ECD0-44A2-AC83-AFB566EEA983;Мышь 30/12/20;mysh_301220;СР9179;Р7312;СР9179;А3510---;796;0.0627;0;0;0;0;0;0;0;0;0;;;1;0;0;0;;;0;;;;0;0;0;0;0;0;0;;;;;0;;0;0;;;0;0;0;0;0;0;0;;;;0;;0;0;;;0;;0;0;
B658816D-ECD0-44A2-AC83-AFB566EEA983;Мягкая игрушка "Дед Мороз", 30 см 1/30;mjagkaja_igrushka_ded_moroz_30_sm_130;190455;В0146;190455;D3429A;796;0;0;0;0;0;0;0;0;0;0;;;0;0;0;0;;;0;;;;0;0;0;0;0;0;0;;;;;0;;0;0;;;0;0;0;0;0;0;0;;;;0;;0;0;;;0;;0;0;
B658816D-ECD0-44A2-AC83-AFB566EEA983;На Луне 1/25/1;na_lune_1251;СР8665;СР8643;СР8665;А5150*---;796;0.0282;0;0;0;0;0;0;0;0;0;;;0;0;0;0;;;0;;;;0;0;0;0;0;0;0;;;;;0;;0;0;;;0;0;0;0;0;0;0;;;;0;;0;0;;;0;;0;0;
B658816D-ECD0-44A2-AC83-AFB566EEA983;На посошок (0,8"х25) 1/24/1;na_pososhok__08h25__1241;В0340;Р8632;В0340;А7021---;796;0.058;24;0;25;0.8;35;Легенда;4650099541111;0;20;Батарея салютов На посошок;Двухуровневый  на нижнем уровне золотое мерцание, на верхнем уровне красные звезды раскрываются красным кроссетом. В финале залп нескольких зарядов.;0;0;1;1;штука;упаковка;24;коробка;штука;штука;1.05;0.0024;0;0;0;0;0;;;;;0;;0;0;;;0;0;0;0;0;0;0;;;;0;;0;0;;;0;;0;0;
B658816D-ECD0-44A2-AC83-AFB566EEA983;На посошок (0,8"х25) 1/24/1;na_pososhok__08h25__1241;СР99782;СР99676;СР99782;А7021;796;0.058;0;0;25;0.8;35;Легенда;4650099541111;900;20;Батарея салютов На посошок;Двухуровневый  на нижнем уровне золотое мерцание, на верхнем уровне красные звезды раскрываются красным кроссетом. В финале залп нескольких зарядов.;0;0;1;1;штука;упаковка;24;коробка;штука;штука;1.05;0.0024;0;1;12.5;12.5;12.5;см;см;см;;0;;1050;0.001953;гр;м3;0;0;0;0;12.5;12.5;12.5;см;см;см;0;;1050;0.001953;;м3;0;;0;0;
B658816D-ECD0-44A2-AC83-AFB566EEA983;На счастье (1"х49) 1/4/1;na_schaste__1h49__141;СР96553;Р8632;СР96553;А7434---;796;0.049;0;0;0;0;0;0;0;0;0;;;0;0;0;0;;;0;;;;0;0;0;0;0;0;0;;;;;0;;0;0;;;0;0;0;0;0;0;0;;;;0;;0;0;;;0;;0;0;
B658816D-ECD0-44A2-AC83-AFB566EEA983;На счастье (1"х49) 1/4/1;na_schaste__1h49__141;СР99725;СР99676;СР99725;А7434;796;0.04;0;0;0;0;0;0;0;0;0;;;0;0;0;0;;;0;;;;0;0;0;0;0;0;0;;;;;0;;0;0;;;0;0;0;0;0;0;0;;;;0;;0;0;;;0;;0;0;
B658816D-ECD0-44A2-AC83-AFB566EEA983;Набор "Дед Мороз" 7хлоп+10бенгаов+4маски 1/82/1;nabor_ded_moroz_7hlop10bengaov4maski_1821;00000287;Р8467;00000287;С51;796;0.087;0;0;0;0;0;Авангард;0;0;0;Набор "Дед Мороз";В наборе Дед Мороз 7 разных хлопушек, 10 бенгальских свечей.;0;0;1;1;штука;упаковка;82;коробка;штука;штука;202;0.087;0;1;0;0;0;;;;;0;;202;0.087;г;;0;0;0;0;0;0;0;;;;0;;202;0;г;;0;;0;0;
B658816D-ECD0-44A2-AC83-AFB566EEA983;Набор "Любимой принцессе" (свеча д/торта) 1/25/1;nabor_ljubimoj_princesse__svecha_dtorta__1251;УТ000148;Р8750;УТ000148;ТР210;796;0.036;0;0;0;0;0;ТСЗ;0;0;;Набор "Любимой принцессе" свеча для торта;;0;1;1;1;штука;упаковка;25;коробка;штука;штука;0;0;1;1;0;0;0;;;;;0;;3600;0;Г;;0;0;1;0;0;0;0;;;;0;;124;0;г;;0;;0;0;
B658816D-ECD0-44A2-AC83-AFB566EEA983;Набор "Любимому футболисту" (свеча д/торта)1/25/1;nabor_ljubimomu_futbolistu__svecha_dtorta_1251;УТ000149;Р8750;УТ000149;ТР211;796;0.036;0;0;0;0;0;ТСЗ;0;0;;Набор "Любимому футболисту" свеча для торта;;0;1;1;1;штука;упаковка;25;коробка;штука;штука;0;0;1;1;0;0;0;;;;;0;;3600;0;г;;0;0;1;0;0;0;0;;;;0;;104;0;г;;0;;0;0;
B658816D-ECD0-44A2-AC83-AFB566EEA983;Набор "Маска" 1/60/1;nabor_maska_1601;СР9289;Р8467;СР9289;С915;796;0.0383;0;0;0;0;0;0;0;0;0;;;0;0;0;0;;;0;;;;0;0;0;0;0;0;0;;;;;0;;0;0;;;0;0;0;0;0;0;0;;;;0;;0;0;;;0;;0;0;
B658816D-ECD0-44A2-AC83-AFB566EEA983;Набор "Новогодний Гороскоп" 4хлоп знак 1/60/1;nabor_novogodnij_goroskop_4hlop_znak_1601;СР9288;Р8467;СР9288;С910;796;0.0266;0;0;0;0;0;0;0;0;0;;;0;0;0;0;;;0;;;;0;0;0;0;0;0;0;;;;;0;;0;0;;;0;0;0;0;0;0;0;;;;0;;0;0;;;0;;0;0;
B658816D-ECD0-44A2-AC83-AFB566EEA983;Набор "Хлопнем по одной" 4 бенг+4 хлоп 1/60/1;nabor_hlopnem_po_odnoj_4_beng4_hlop_1601;186198;Р8467;186198;С429;796;0.0266;0;0;0;0;0;0;0;0;0;;;0;0;0;0;;;0;;;;0;0;0;0;0;0;0;;;;;0;;0;0;;;0;0;0;0;0;0;0;;;;0;;0;0;;;0;;0;0;
B658816D-ECD0-44A2-AC83-AFB566EEA983;Набор звездочек, 3штх7см 1/120;nabor_zvezdochek_3shth7sm_1120;190451;В0146;190451;FY7164/3;796;0;0;0;0;0;0;0;0;0;0;;;0;0;0;0;;;0;;;;0;0;0;0;0;0;0;;;;;0;;0;0;;;0;0;0;0;0;0;0;;;;0;;0;0;;;0;;0;0;
B658816D-ECD0-44A2-AC83-AFB566EEA983;Набор из 10 бантики    SC0073;nabor_iz_10_bantiki____sc0073;Р8503;В0146;Р8503;57/56583;796;0;0;0;0;0;0;0;0;0;0;;;0;0;0;0;;;0;;;;0;0;0;0;0;0;0;;;;;0;;0;0;;;0;0;0;0;0;0;0;;;;0;;0;0;;;0;;0;0;
B658816D-ECD0-44A2-AC83-AFB566EEA983;Набор из 12 колокольчики     SC0154;nabor_iz_12_kolokolchiki_____sc0154;Р8505;В0146;Р8505;57/56310;796;0;0;0;0;0;0;0;0;0;0;;;0;0;0;0;;;0;;;;0;0;0;0;0;0;0;;;;;0;;0;0;;;0;0;0;0;0;0;0;;;;0;;0;0;;;0;;0;0;
B658816D-ECD0-44A2-AC83-AFB566EEA983;Набор из 12 украшений  SC3001 1/72/12;nabor_iz_12_ukrashenij__sc3001_17212;178307;В0146;178307;57/15478;796;0;0;0;0;0;0;0;0;0;0;;;0;0;0;0;;;0;;;;0;0;0;0;0;0;0;;;;;0;;0;0;;;0;0;0;0;0;0;0;;;;0;;0;0;;;0;;0;0;
B658816D-ECD0-44A2-AC83-AFB566EEA983;Набор из 12 шаров, 4 см. в ассортименте 1/60;nabor_iz_12_sharov_4_sm._v_assortimente_160;190453;В0146;190453;JN0701-01;796;0;0;0;0;0;0;0;0;0;0;;;0;0;0;0;;;0;;;;0;0;0;0;0;0;0;;;;;0;;0;0;;;0;0;0;0;0;0;0;;;;0;;0;0;;;0;;0;0;
B658816D-ECD0-44A2-AC83-AFB566EEA983;Набор из 15 украше фигурки  SC3073 1/36/15;nabor_iz_15_ukrashe_figurki__sc3073_13615;Р9228;В0146;Р9228;57/15501;796;0;0;0;0;0;0;0;0;0;0;;;0;0;0;0;;;0;;;;0;0;0;0;0;0;0;;;;;0;;0;0;;;0;0;0;0;0;0;0;;;;0;;0;0;;;0;;0;0;
B658816D-ECD0-44A2-AC83-AFB566EEA983;Набор из 16 подар и шарик красн     SC0149;nabor_iz_16_podar_i_sharik_krasn_____sc0149;Р8506;В0146;Р8506;57/56544;796;0;0;0;0;0;0;0;0;0;0;;;0;0;0;0;;;0;;;;0;0;0;0;0;0;0;;;;;0;;0;0;;;0;0;0;0;0;0;0;;;;0;;0;0;;;0;;0;0;
B658816D-ECD0-44A2-AC83-AFB566EEA983;Набор из 2-х салютов: Старт, Финиш (0,7х9) 1/24/2;nabor_iz_2h_saljutov_start_finish__07h9__1242;СР99533;СР9380;СР99533;01012;796;0;0;0;0;0;0;0;0;0;0;;;0;0;0;0;;;0;;;;0;0;0;0;0;0;0;;;;;0;;0;0;;;0;0;0;0;0;0;0;;;;0;;0;0;;;0;;0;0;
B658816D-ECD0-44A2-AC83-AFB566EEA983;Набор из 4х фигурных бенг св: 2019 + 1 прямая 1/50;nabor_iz_4h_figurnyh_beng_sv_2019__1_prjamaja_150;5454645;099;5454645;С60;796;0;0;0;0;0;0;0;0;0;0;;;0;0;0;0;;;0;;;;0;0;0;0;0;0;0;;;;;0;;0;0;;;0;0;0;0;0;0;0;;;;0;;0;0;;;0;;0;0;
B658816D-ECD0-44A2-AC83-AFB566EEA983;Набор из 6 шаров с орнаментом, 6 см.1/72;nabor_iz_6_sharov_s_ornamentom_6_sm.172;190443;В0146;190443;JN0602-02;796;0;0;0;0;0;0;0;0;0;0;;;0;0;0;0;;;0;;;;0;0;0;0;0;0;0;;;;;0;;0;0;;;0;0;0;0;0;0;0;;;;0;;0;0;;;0;;0;0;
B658816D-ECD0-44A2-AC83-AFB566EEA983;Набор из 8 колокольчики  SC319;nabor_iz_8_kolokolchiki__sc319;Р8507;В0146;Р8507;57/83755;796;0;0;0;0;0;0;0;0;0;0;;;0;0;0;0;;;0;;;;0;0;0;0;0;0;0;;;;;0;;0;0;;;0;0;0;0;0;0;0;;;;0;;0;0;;;0;;0;0;
B658816D-ECD0-44A2-AC83-AFB566EEA983;Набор из трех подарочных пакетов;nabor_iz_treh_podarochnyh_paketov;СР9069;В0146;СР9069;205A195;796;0;0;0;0;0;0;0;0;0;0;;;0;0;0;0;;;0;;;;0;0;0;0;0;0;0;;;;;0;;0;0;;;0;0;0;0;0;0;0;;;;0;;0;0;;;0;;0;0;
B658816D-ECD0-44A2-AC83-AFB566EEA983;Набор конусных хлоп. "Идеальная пара" 1/70/1;nabor_konusnyh_hlop._idealnaja_para_1701;СР9290;Р8467;СР9290;С912;796;0.026;0;0;1;0;0;Авангард;0;0;0;Набор хлопушек "Идеальная пара";;0;0;1;1;штука;упаковка;70;коробка;штука;штука;0.03;0.0004;0;1;0;15;8.5;;см;см;;3.5;см;25;0.000446;гр;м3;0;0;0;0;0;15;8.5;;см;см;3.5;см;25;0.000446;;м3;0;;0;0;
B658816D-ECD0-44A2-AC83-AFB566EEA983;Набор конфетти (бело-розовое) в футляре1/80/1;nabor_konfetti__belorozovoe__v_futljare1801;СР9517;Р8467;СР9517;С925;796;0.0188;0;0;1;0;0;Авангард;0;0;0;Набор конфетти бело-розовое;;0;0;1;1;штука;упаковка;80;коробка;штука;штука;0.02;0.0002;0;1;0;9;11;;см;см;;3;см;12;0.000297;гр;м3;0;0;0;0;0;9;11;;см;см;3;см;12;0.000297;;м3;0;;0;0;
B658816D-ECD0-44A2-AC83-AFB566EEA983;Набор конфетти в коробке "Домик" 1/95/1;nabor_konfetti_v_korobke_domik_1951;00000261;Р8467;00000261;С455;796;0.0188;0;0;1;0;0;Авангард;0;0;0;Набор конфетти в коробке "Домик";;0;0;1;1;штука;упаковка;95;коробка;штука;штука;0.02;0.0002;1;1;0;0;0;;;;;0;;0;0;;;0;0;0;0;0;5;5;;см;см;5;см;25;0;;;0;;0;0;
B658816D-ECD0-44A2-AC83-AFB566EEA983;Набор конфетти в футляре 1/80/1;nabor_konfetti_v_futljare_1801;00000258;Р8467;00000258;С453;796;0.0188;0;0;1;0;0;Авангард;0;0;0;Набор конфетти в футляре;В одной пачке 10 штук бенгальских свечей 175 мм в бумажной упаковке. Яркий новогодний дизайн упаковки. Купить бенгальские свечи по цене от производителя.;0;0;1;1;штука;упаковка;80;коробка;штука;штука;0.02;0.0002;0;1;0;9;11;;см;см;;3;см;16;0.000297;гр;м3;0;0;0;0;0;9;11;;см;см;3;см;16;0.000297;;м3;0;;0;0;
B658816D-ECD0-44A2-AC83-AFB566EEA983;Набор конфетти в футляре с окошком 1/80/1;nabor_konfetti_v_futljare_s_okoshkom_1801;00000259;Р8467;00000259;С454;796;0.0188;0;0;0;0;0;0;0;0;0;;;0;0;0;0;;;0;;;;0;0;0;0;0;0;0;;;;;0;;0;0;;;0;0;0;0;0;0;0;;;;0;;0;0;;;0;;0;0;
B658816D-ECD0-44A2-AC83-AFB566EEA983;Набор Маскарад (3хлоп. 150мм с сюрп.)+ 6 бенг.1/34;nabor_maskarad__3hlop._150mm_s_sjurp.__6_beng.134;СР98884;Р8467;СР98884;С649;796;0;0;0;0;0;0;0;0;0;0;;;0;0;0;0;;;0;;;;0;0;0;0;0;0;0;;;;;0;;0;0;;;0;0;0;0;0;0;0;;;;0;;0;0;;;0;;0;0;
B658816D-ECD0-44A2-AC83-AFB566EEA983;Набор мохнатых шаров ,4 шт х 6см 1/60;nabor_mohnatyh_sharov_4_sht_h_6sm_160;190442;В0146;190442;FY8158/4;796;0;0;0;0;0;0;0;0;0;0;;;0;0;0;0;;;0;;;;0;0;0;0;0;0;0;;;;;0;;0;0;;;0;0;0;0;0;0;0;;;;0;;0;0;;;0;;0;0;
B658816D-ECD0-44A2-AC83-AFB566EEA983;Набор новогодних шаров из пенопласта, 6штх6см 1/60;nabor_novogodnih_sharov_iz_penoplasta_6shth6sm_160;190447;В0146;190447;FY20082M;796;0;0;0;0;0;0;0;0;0;0;;;0;0;0;0;;;0;;;;0;0;0;0;0;0;0;;;;;0;;0;0;;;0;0;0;0;0;0;0;;;;0;;0;0;;;0;;0;0;
B658816D-ECD0-44A2-AC83-AFB566EEA983;Набор ПиратТехника: 11хлоп+20бенг+наст.игра 1/52/1;nabor_pirattehnika_11hlop20bengnast.igra_1521;00000290;Р8467;00000290;С50;796;0.087;0;0;0;0;0;Авангард;0;0;0;Набор ПиратТехника;В наборе ПиратТехника включает в себя 11 разных хлопушек, 20 бенгальских свечей, настольная игра с кубиком и фишками.;0;0;1;1;штука;упаковка;52;коробка;штука;штука;0;0;0;1;0;0;0;;;;;0;;325;0.087;г;;0;0;0;0;0;0;0;;;;0;;325;0.087;г;г;0;;0;0;
B658816D-ECD0-44A2-AC83-AFB566EEA983;Набор серпантина в блистере 7шт. 1/110/1;nabor_serpantina_v_blistere_7sht._11101;00000262;Р8467;00000262;С456;796;0.019;0;0;1;0;0;Авангард;0;0;0;Набор серпантина в блистере;;0;0;1;1;штука;упаковка;110;коробка;штука;штука;0.03;0.0002;0;1;0;13;6.5;;см;см;;4;см;28;0.000338;гр;м3;0;0;0;0;0;13;6.5;;см;см;4;см;28;0.000338;;м3;0;;0;0;
B658816D-ECD0-44A2-AC83-AFB566EEA983;Набор хлоп. с сюр.Весёлая тусовка(32х120мм)1/20/12;nabor_hlop._s_sjur.vesjolaja_tusovka_32h120mm_12012;УТ000035;Р8750;УТ000035;ТР112;796;0.042;0;0;0;0;0;ТСЗ;0;0;;Набор хлопушек "Веселая тусовка";;0;1;1;12;штука;упаковка;20;коробка;упаковка;упаковка;0;0;0;1;0;0;12;;;см;см;0;;6000;0;г;;3.2;0;1;0;0;0;12;;;см;0;;6000;0.042;г;;3.2;см;0;0;
B658816D-ECD0-44A2-AC83-AFB566EEA983;Набор хлоп. с сюр.Знаки Зодиака (32х120мм) 1/20/12;nabor_hlop._s_sjur.znaki_zodiaka__32h120mm__12012;УТ000034;Р8750;УТ000034;ТР111;796;0.042;0;0;0;0;0;ТСЗ;0;0;;Набор хлопушек "Знаки Зодиака";;0;1;1;12;штука;упаковка;20;коробка;упаковка;упаковка;0;0;0;1;0;0;12;;;см;см;0;;6000;0;г;;3.2;0;1;0;0;0;12;;;см;0;;6000;0.042;г;;3.2;см;0;0;
B658816D-ECD0-44A2-AC83-AFB566EEA983;Набор хлопушек С НОВЫМ ГОДОМ (5шт+2накл.) 1/48/1;nabor_hlopushek_s_novym_godom__5sht2nakl.__1481;СР98885;Р8467;СР98885;С366;796;0;0;0;1;0;0;Авангард;0;0;0;Набор хлопушек с Новым годом;;0;0;1;1;штука;упаковка;48;коробка;штука;штука;0.09;0.0008;1;1;0;8.5;17;;см;см;;5;см;90;0.000723;гр;м3;0;0;0;0;0;8.5;17;;см;см;5;см;90;0.000723;;м3;0;;0;0;
B658816D-ECD0-44A2-AC83-AFB566EEA983;Набор шаров  красные матовые d 60  1/36/5;nabor_sharov__krasnye_matovye_d_60__1365;СР8697;СР9465;СР8697;Ш11;796;0;0;0;0;0;0;0;0;0;0;;;0;0;0;0;;;0;;;;0;0;0;0;0;0;0;;;;;0;;0;0;;;0;0;0;0;0;0;0;;;;0;;0;0;;;0;;0;0;
B658816D-ECD0-44A2-AC83-AFB566EEA983;Набор шаров "Ёжики"d 50 1/36/5;nabor_sharov_jozhikid_50_1365;СР8744;СР9465;СР8744;Ш38;796;0;0;0;0;0;0;0;0;0;0;;;0;0;0;0;;;0;;;;0;0;0;0;0;0;0;;;;;0;;0;0;;;0;0;0;0;0;0;0;;;;0;;0;0;;;0;;0;0;
B658816D-ECD0-44A2-AC83-AFB566EEA983;Набор шаров "Метель" красные d 50  1/42/5;nabor_sharov_metel_krasnye_d_50__1425;СР8743;СР9465;СР8743;Ш23;796;0;0;0;0;0;0;0;0;0;0;;;0;0;0;0;;;0;;;;0;0;0;0;0;0;0;;;;;0;;0;0;;;0;0;0;0;0;0;0;;;;0;;0;0;;;0;;0;0;
B658816D-ECD0-44A2-AC83-AFB566EEA983;Набор шаров "Метель" синие  d 60  1/36/5;nabor_sharov_metel_sinie__d_60__1365;СР8698;СР9465;СР8698;Ш31;796;0;0;0;0;0;0;0;0;0;0;;;0;0;0;0;;;0;;;;0;0;0;0;0;0;0;;;;;0;;0;0;;;0;0;0;0;0;0;0;;;;0;;0;0;;;0;;0;0;
B658816D-ECD0-44A2-AC83-AFB566EEA983;Набор шаров "Метель"d 50 синие 1/42/5;nabor_sharov_meteld_50_sinie_1425;СР8695;СР9465;СР8695;Ш21;796;0;0;0;0;0;0;0;0;0;0;;;0;0;0;0;;;0;;;;0;0;0;0;0;0;0;;;;;0;;0;0;;;0;0;0;0;0;0;0;;;;0;;0;0;;;0;;0;0;
B658816D-ECD0-44A2-AC83-AFB566EEA983;Набор шаров "Метель"d 60 1/36/5;nabor_sharov_meteld_60_1365;СР8692;СР9465;СР8692;Ш34;796;0;0;0;0;0;0;0;0;0;0;;;0;0;0;0;;;0;;;;0;0;0;0;0;0;0;;;;;0;;0;0;;;0;0;0;0;0;0;0;;;;0;;0;0;;;0;;0;0;
B658816D-ECD0-44A2-AC83-AFB566EEA983;Набор шаров "Метель"d 60 1/36/5;nabor_sharov_meteld_60_1365;СР8742;СР9465;СР8742;Ш32;796;0;0;0;0;0;0;0;0;0;0;;;0;0;0;0;;;0;;;;0;0;0;0;0;0;0;;;;;0;;0;0;;;0;0;0;0;0;0;0;;;;0;;0;0;;;0;;0;0;
B658816D-ECD0-44A2-AC83-AFB566EEA983;Набор шаров желтые матовые  d 50  1/42/5;nabor_sharov_zheltye_matovye__d_50__1425;СР8737;СР9465;СР8737;Ш03;796;0;0;0;0;0;0;0;0;0;0;;;0;0;0;0;;;0;;;;0;0;0;0;0;0;0;;;;;0;;0;0;;;0;0;0;0;0;0;0;;;;0;;0;0;;;0;;0;0;
B658816D-ECD0-44A2-AC83-AFB566EEA983;Набор шаров зеленые  d 50  1/42/5;nabor_sharov_zelenye__d_50__1425;СР8739;СР9465;СР8739;Ш8;796;0;0;0;0;0;0;0;0;0;0;;;0;0;0;0;;;0;;;;0;0;0;0;0;0;0;;;;;0;;0;0;;;0;0;0;0;0;0;0;;;;0;;0;0;;;0;;0;0;
B658816D-ECD0-44A2-AC83-AFB566EEA983;Набор шаров золотые d 60 1/40/5;nabor_sharov_zolotye_d_60_1405;СР8741;СР9465;СР8741;Ш14;796;0;0;0;0;0;0;0;0;0;0;;;0;0;0;0;;;0;;;;0;0;0;0;0;0;0;;;;;0;;0;0;;;0;0;0;0;0;0;0;;;;0;;0;0;;;0;;0;0;
B658816D-ECD0-44A2-AC83-AFB566EEA983;Набор шаров красные матовые  d 50  1/42/5;nabor_sharov_krasnye_matovye__d_50__1425;СР8696;СР9465;СР8696;Ш01;796;0;0;0;0;0;0;0;0;0;0;;;0;0;0;0;;;0;;;;0;0;0;0;0;0;0;;;;;0;;0;0;;;0;0;0;0;0;0;0;;;;0;;0;0;;;0;;0;0;
B658816D-ECD0-44A2-AC83-AFB566EEA983;Набор шаров с аппликацией, 6штх6см 1/60;nabor_sharov_s_applikaciej_6shth6sm_160;190448;В0146;190448;FY7119G.S/6;796;0;0;0;0;0;0;0;0;0;0;;;0;0;0;0;;;0;;;;0;0;0;0;0;0;0;;;;;0;;0;0;;;0;0;0;0;0;0;0;;;;0;;0;0;;;0;;0;0;
B658816D-ECD0-44A2-AC83-AFB566EEA983;Набор шаров с блестками, 6штх6см. 1/60;nabor_sharov_s_blestkami_6shth6sm._160;190450;В0146;190450;FY20081M;796;0;0;0;0;0;0;0;0;0;0;;;0;0;0;0;;;0;;;;0;0;0;0;0;0;0;;;;;0;;0;0;;;0;0;0;0;0;0;0;;;;0;;0;0;;;0;;0;0;
B658816D-ECD0-44A2-AC83-AFB566EEA983;Набор шаров салатовые d 60 1/40/5;nabor_sharov_salatovye_d_60_1405;СР8693;СР9465;СР8693;Ш9;796;0;0;0;0;0;0;0;0;0;0;;;0;0;0;0;;;0;;;;0;0;0;0;0;0;0;;;;;0;;0;0;;;0;0;0;0;0;0;0;;;;0;;0;0;;;0;;0;0;
B658816D-ECD0-44A2-AC83-AFB566EEA983;Набор шаров синие матовые  d 50  1/42/5;nabor_sharov_sinie_matovye__d_50__1425;СР8738;СР9465;СР8738;Ш5;796;0;0;0;0;0;0;0;0;0;0;;;0;0;0;0;;;0;;;;0;0;0;0;0;0;0;;;;;0;;0;0;;;0;0;0;0;0;0;0;;;;0;;0;0;;;0;;0;0;
B658816D-ECD0-44A2-AC83-AFB566EEA983;Набор шаров синие матовые d 60 1/40/5;nabor_sharov_sinie_matovye_d_60_1405;СР8740;СР9465;СР8740;Ш12;796;0;0;0;0;0;0;0;0;0;0;;;0;0;0;0;;;0;;;;0;0;0;0;0;0;0;;;;;0;;0;0;;;0;0;0;0;0;0;0;;;;0;;0;0;;;0;;0;0;
B658816D-ECD0-44A2-AC83-AFB566EEA983;Набор шаров фиолетовые d 50 1/42/5;nabor_sharov_fioletovye_d_50_1425;СР8694;СР9465;СР8694;Ш10;796;0;0;0;0;0;0;0;0;0;0;;;0;0;0;0;;;0;;;;0;0;0;0;0;0;0;;;;;0;;0;0;;;0;0;0;0;0;0;0;;;;0;;0;0;;;0;;0;0;
B658816D-ECD0-44A2-AC83-AFB566EEA983;Наборы в блист. уп. "Золушка" 1/20/1;nabory_v_blist._up._zolushka_1201;СР98745;Р8467;СР98745;С807;796;0.0864;0;0;0;0;0;0;0;0;0;;;0;0;0;0;;;0;;;;0;0;0;0;0;0;0;;;;;0;;0;0;;;0;0;0;0;0;0;0;;;;0;;0;0;;;0;;0;0;
B658816D-ECD0-44A2-AC83-AFB566EEA983;Наборы в блист. уп. "Новогодняя Елка"1/80/1;nabory_v_blist._up._novogodnjaja_elka1801;16;Р8467;16;С420;796;0.083;0;0;0;0;0;Авангард;0;0;0;Наборы в блистере "Новогодняя Елка";В наборе "Новогодняя Елка" 1 цилиндрическая хлопушка с ярким конфетти, 1 хлопушка с серпантином, 1 хлопушка с сюрпризом, 1 хлопушка с многоцветным серпантином и 12 бенгальских свечей.;0;0;1;1;штука;упаковка;80;коробка;штука;штука;127.5;0.083;1;1;0;0;0;;;;;0;;127.5;0.083;г;;0;0;0;0;0;0;0;;;;0;;127.5;0.083;г;;0;;0;0;
B658816D-ECD0-44A2-AC83-AFB566EEA983;Наборы в блист. уп. "Снеговичок"1/80/1;nabory_v_blist._up._snegovichok1801;00000280;Р8467;00000280;С365;796;0.083;0;0;0;0;0;Авангард;0;0;0;Наборы в блистере Снеговичок;В наборе "Снеговичок" 2 цилиндрические хлопушки с ярким конфетти, 1 хлопушка с серпантином, 1 хлопушка с сюрпризом и 12 бенгальских свечей.;0;0;1;1;штука;упаковка;80;коробка;штука;штука;0;0;0;1;0;0;0;;;;;0;;125;0;г;;0;0;0;0;0;0;0;;;;0;;125;0;г;;0;;0;0;
B658816D-ECD0-44A2-AC83-AFB566EEA983;Наборы в блист. уп." Ретро" 1/80/1;nabory_v_blist._up._retro_1801;0001278;Р8467;0001278;С249;796;0.0864;80;0;1;0;0;Авангард;0;0;0;Наборы "Ретро";;0;0;1;1;штука;упаковка;80;коробка;упаковка;штука;0.11;0.0011;0;1;0;15;27;;см;см;;3;см;93;0.001215;гр;м3;0;0;0;0;0;15;27;;см;см;3;см;93;0.001215;;м3;0;;0;0;
B658816D-ECD0-44A2-AC83-AFB566EEA983;Настольный фонтан 10/12/4;nastolnyj_fontan_10124;521654;СР99789;521654;А4001new;796;0.03;120;0;4;0;40;Легенда;0;0;0,50;Настольный фонтан;;0;1;4;12;упаковка;блок;10;коробка;блок;упаковка;2.48;0.0075;1;1;7;1.5;12;см;см;см;;0;;72;0.00021;гр;м3;0;0;0;1;15.5;16.5;22.5;см;см;см;0;;990;0.00574;;м3;0;;0;0;
B658816D-ECD0-44A2-AC83-AFB566EEA983;Настольный фонтан 4/30/4;nastolnyj_fontan_4304;СР99791;СР99789;СР99791;А4001;796;0.03;120;0;4;0;40;Легенда;4650099540633;4;0.5;Настольный фонтан;Форс золотого огня.;0;0;4;30;упаковка;блок;4;коробка;блок;упаковка;2.48;0.0075;1;1;7;1.5;12;см;см;см;;0;см;72;0.00021;гр;м3;0;0;0;1;15.5;16.5;22.5;см;см;см;0;;2160;0.005754;;м3;0;;0;0;
B658816D-ECD0-44A2-AC83-AFB566EEA983;Настольный фонтан 5/24/4;nastolnyj_fontan_5244;СР9022;СР8629;СР9022;А4001---;111;0.029;0;0;0;0;40;Легенда;4650099540633;0;0.5;Настольный фонтан;Форс золотого огня.;1;0;4;12;упаковка;блок;10;коробка;блок;упаковка;2.48;0.0075;0;0;0;0;0;;;;;0;;0;0;;;0;0;0;0;0;0;0;;;;0;;0;0;;;0;;0;0;
B658816D-ECD0-44A2-AC83-AFB566EEA983;Небесное путешествие 25/12/12;nebesnoe_puteshestvie_251212;СР8604;Р7685;СР8604;А2028---;796;0.03;0;0;0;0;0;0;0;0;0;;;0;0;0;0;;;0;;;;0;0;0;0;0;0;0;;;;;0;;0;0;;;0;0;0;0;0;0;0;;;;0;;0;0;;;0;;0;0;
B658816D-ECD0-44A2-AC83-AFB566EEA983;Небесное путешествие 25/12/12;nebesnoe_puteshestvie_251212;СР99711;СР99709;СР99711;А2028;796;0.04;0;0;144;0.4;0;Легенда;4650099540329;12;10;Ракеты Небесное путешествие;Золотой шлейф, взлетает с шипением.;0;0;12;12;упаковка;блок;25;коробка;блок;блок;0.28;0.0016;1;1;8;0;29;см;;см;;5.5;см;230;0.001276;гр;м3;0;0;0;0;0;8;29;;см;см;5.5;см;230;0.001276;;м3;0;;0;0;
B658816D-ECD0-44A2-AC83-AFB566EEA983;Небесный огонь 1/36/4;nebesnyj_ogon_1364;СР8654;СР8643;СР8654;А5040*---;796;0.056;0;0;0;0;0;0;0;0;0;;;0;0;0;0;;;0;;;;0;0;0;0;0;0;0;;;;;0;;0;0;;;0;0;0;0;0;0;0;;;;0;;0;0;;;0;;0;0;
B658816D-ECD0-44A2-AC83-AFB566EEA983;Небесный фонарик "Белый";nebesnyj_fonarik_belyj;СР96371;54877;СР96371;NF-005;796;0;0;0;0;0;0;0;0;0;0;;;0;0;0;0;;;0;;;;0;0;0;0;0;0;0;;;;;0;;0;0;;;0;0;0;0;0;0;0;;;;0;;0;0;;;0;;0;0;
B658816D-ECD0-44A2-AC83-AFB566EEA983;Небесный фонарик "Белый" прозрачная упак;nebesnyj_fonarik_belyj_prozrachnaja_upak;СР96370;54877;СР96370;NF-001;796;0;0;0;0;0;0;0;0;0;0;;;0;0;0;0;;;0;;;;0;0;0;0;0;0;0;;;;;0;;0;0;;;0;0;0;0;0;0;0;;;;0;;0;0;;;0;;0;0;
B658816D-ECD0-44A2-AC83-AFB566EEA983;Небесный фонарик "Голубой";nebesnyj_fonarik_goluboj;СР96374;54877;СР96374;NF-008;796;0;0;0;0;0;0;0;0;0;0;;;0;0;0;0;;;0;;;;0;0;0;0;0;0;0;;;;;0;;0;0;;;0;0;0;0;0;0;0;;;;0;;0;0;;;0;;0;0;
B658816D-ECD0-44A2-AC83-AFB566EEA983;Небесный фонарик "Жёлтый";nebesnyj_fonarik_zhjoltyj;СР96372;54877;СР96372;NF-006;796;0;0;0;0;0;0;0;0;0;0;;;0;0;0;0;;;0;;;;0;0;0;0;0;0;0;;;;;0;;0;0;;;0;0;0;0;0;0;0;;;;0;;0;0;;;0;;0;0;
B658816D-ECD0-44A2-AC83-AFB566EEA983;Небесный фонарик "Красный";nebesnyj_fonarik_krasnyj;СР96373;54877;СР96373;NF-007;796;0;0;0;0;0;0;0;0;0;0;;;0;0;0;0;;;0;;;;0;0;0;0;0;0;0;;;;;0;;0;0;;;0;0;0;0;0;0;0;;;;0;;0;0;;;0;;0;0;
B658816D-ECD0-44A2-AC83-AFB566EEA983;Небесный фонарик "Фиолетовый";nebesnyj_fonarik_fioletovyj;СР96375;54877;СР96375;NF-009;796;0;0;0;0;0;0;0;0;0;0;;;0;0;0;0;;;0;;;;0;0;0;0;0;0;0;;;;;0;;0;0;;;0;0;0;0;0;0;0;;;;0;;0;0;;;0;;0;0;
B658816D-ECD0-44A2-AC83-AFB566EEA983;Небесный фонарик белый "С Новым Годом";nebesnyj_fonarik_belyj_s_novym_godom;СР96332;54877;СР96332;NF-003;796;0;0;0;0;0;0;0;0;0;0;;;0;0;0;0;;;0;;;;0;0;0;0;0;0;0;;;;;0;;0;0;;;0;0;0;0;0;0;0;;;;0;;0;0;;;0;;0;0;
B658816D-ECD0-44A2-AC83-AFB566EEA983;Небесный фонарик желтый "Смайлик";nebesnyj_fonarik_zheltyj_smajlik;СР96331;54877;СР96331;NF-004;796;0;0;0;0;0;0;0;0;0;0;;;0;0;0;0;;;0;;;;0;0;0;0;0;0;0;;;;;0;;0;0;;;0;0;0;0;0;0;0;;;;0;;0;0;;;0;;0;0;
B658816D-ECD0-44A2-AC83-AFB566EEA983;Небесный фонарик красное сердце "Я тебя люблю";nebesnyj_fonarik_krasnoe_serdce_ja_tebja_ljublju;СР96330;54877;СР96330;NF-002;796;0;0;0;0;0;0;0;0;0;0;;;0;0;0;0;;;0;;;;0;0;0;0;0;0;0;;;;;0;;0;0;;;0;0;0;0;0;0;0;;;;0;;0;0;;;0;;0;0;
B658816D-ECD0-44A2-AC83-AFB566EEA983;Небо в алмазах (1,1"х16) 1/12/1 (модуль);nebo_v_almazah__11h16__1121__modul_;СР99666;СР99676;СР99666;А7046;796;0.048;0;0;16;1.1;25;Легенда;4650099542057;1050;25;Батарея салютов Небо в алмазах;Зеленые звезды раскрываются золотыми кокосами с пурпурными волнами, зеленые звезды раскрываются зелеными волнами в серебряном мерцании, большие золотые кокосы в красных мерцающих звездах, в финале одновременный залп зеленых звезд раскрывается пурпурными трещащими мерцающими стрелами в зеленом мерцании.;0;0;1;1;штука;упаковка;12;коробка;штука;штука;1.69;0.004;0;1;12.1;17.5;14.9;см;см;см;;0;;1690;0.003155;гр;м3;0;0;0;0;12.1;17.5;14.9;см;см;см;0;;1690;0.003155;;м3;0;;0;0;
B658816D-ECD0-44A2-AC83-AFB566EEA983;Небоскребы Сингапура (1,25"х13) 1/10/1;neboskreby_singapura__125h13__1101;В7846;Р8632;В7846;А7120---;796;0.052;0;0;0;0;0;0;0;0;0;;;0;0;0;0;;;0;;;;0;0;0;0;0;0;0;;;;;0;;0;0;;;0;0;0;0;0;0;0;;;;0;;0;0;;;0;;0;0;
B658816D-ECD0-44A2-AC83-AFB566EEA983;Неваляшка (1,25"х16) 1/8/1;nevaljashka__125h16__181;СР8821;Р8632;СР8821;А7165---;796;0.0478;0;0;0;0;0;0;0;0;0;;;0;0;0;0;;;0;;;;0;0;0;0;0;0;0;;;;;0;;0;0;;;0;0;0;0;0;0;0;;;;0;;0;0;;;0;;0;0;
B658816D-ECD0-44A2-AC83-AFB566EEA983;Ни пуха ни пера (0,8//1,25)х60 1/2/1;ni_puha_ni_pera__08125_h60_121;СР8842;Р8632;СР8842;А7523---;796;0.025;0;0;0;0;0;0;0;0;0;;;0;0;0;0;;;0;;;;0;0;0;0;0;0;0;;;;;0;;0;0;;;0;0;0;0;0;0;0;;;;0;;0;0;;;0;;0;0;
B658816D-ECD0-44A2-AC83-AFB566EEA983;Новогоднее настроение (1,1"х24) 1/8/1 (модуль);novogodnee_nastroenie__11h24__181__modul_;СР99668;СР99676;СР99668;А7060;796;0.046;0;0;24;1.1;35;Легенда;4650099542071;1600;25;Батарея салютов Новогоднее настроение;Парчовые короны с синими жемчужинами, зеленые георгины с пестиком трещащего мерцания, красные волны, переходящие в трещащий эффект тысячи хризантем, в финале одновременный залп раскрывается красными трещащими мерцающими стрелами в трещащем серебряном мерцании.;0;0;1;1;штука;упаковка;8;коробка;штука;штука;2.58;0.0058;0;1;12.5;17.5;21.8;см;см;см;;0;;2580;0.004769;гр;м3;0;0;0;0;12.5;17.5;21.8;см;см;см;0;;2580;0.004769;;м3;0;;0;0;
B658816D-ECD0-44A2-AC83-AFB566EEA983;Новогодний (1,25"х37) 1/2/1;novogodnij__125h37__121;182071*1;Р8632;182071*1;А7420---;796;0.038;0;0;0;0;0;0;0;0;0;;;0;0;0;0;;;0;;;;0;0;0;0;0;0;0;;;;;0;;0;0;;;0;0;0;0;0;0;0;;;;0;;0;0;;;0;;0;0;
B658816D-ECD0-44A2-AC83-AFB566EEA983;Новогодний салют (1,2х19) 1/6/1;novogodnij_saljut__12h19__161;СР96368;СР8733;СР96368;D7402;796;0;0;0;0;0;0;0;0;0;0;;;0;0;0;0;;;0;;;;0;0;0;0;0;0;0;;;;;0;;0;0;;;0;0;0;0;0;0;0;;;;0;;0;0;;;0;;0;0;
B658816D-ECD0-44A2-AC83-AFB566EEA983;Новогодний хоровод (0,6х6) 1/36/4;novogodnij_horovod__06h6__1364;СР99553;Т376;СР99553;12005;796;0;0;0;0;0;0;0;0;0;0;;;0;0;0;0;;;0;;;;0;0;0;0;0;0;0;;;;;0;;0;0;;;0;0;0;0;0;0;0;;;;0;;0;0;;;0;;0;0;
B658816D-ECD0-44A2-AC83-AFB566EEA983;Новогодняя  L (1,25"х49) 1/2/1;novogodnjaja__l__125h49__121;СР96973;СР96962;СР96973;Б7505;796;0.042;0;0;0;0;0;0;0;0;0;;;0;0;0;0;;;0;;;;0;0;0;0;0;0;0;;;;;0;;0;0;;;0;0;0;0;0;0;0;;;;0;;0;0;;;0;;0;0;
B658816D-ECD0-44A2-AC83-AFB566EEA983;Новогодняя  S (1,25"х19) 1/6/1;novogodnjaja__s__125h19__161;СР96967;СР96962;СР96967;Б7170;796;0.0586;0;0;0;0;0;0;0;0;0;;;0;0;0;0;;;0;;;;0;0;0;0;0;0;0;;;;;0;;0;0;;;0;0;0;0;0;0;0;;;;0;;0;0;;;0;;0;0;
B658816D-ECD0-44A2-AC83-AFB566EEA983;Новогодняя  М (1,25"х25) 1/4/1;novogodnjaja__m__125h25__141;СР96972;СР96962;СР96972;Б7330;796;0.046;0;0;0;0;0;0;0;0;0;;;0;0;0;0;;;0;;;;0;0;0;0;0;0;0;;;;;0;;0;0;;;0;0;0;0;0;0;0;;;;0;;0;0;;;0;;0;0;
B658816D-ECD0-44A2-AC83-AFB566EEA983;Новогодняя  ХL (1,25"х100) 1/1/1;novogodnjaja__hl__125h100__111;СР96976;СР96962;СР96976;Б7605;796;0.042;0;0;0;0;0;0;0;0;0;;;0;0;0;0;;;0;;;;0;0;0;0;0;0;0;;;;;0;;0;0;;;0;0;0;0;0;0;0;;;;0;;0;0;;;0;;0;0;
B658816D-ECD0-44A2-AC83-AFB566EEA983;Новогодняя  ХS (1,25"х13) 1/10/1;novogodnjaja__hs__125h13__1101;СР96966;СР96962;СР96966;Б7140;796;0.052;0;0;0;0;0;0;0;0;0;;;0;0;0;0;;;0;;;;0;0;0;0;0;0;0;;;;;0;;0;0;;;0;0;0;0;0;0;0;;;;0;;0;0;;;0;;0;0;
B658816D-ECD0-44A2-AC83-AFB566EEA983;Новогодняя  ХХL (1,25"х150) 1/1/1;novogodnjaja__hhl__125h150__111;СР96979;СР96962;СР96979;Б7900;796;0.0578;0;0;0;0;0;0;0;0;0;;;0;0;0;0;;;0;;;;0;0;0;0;0;0;0;;;;;0;;0;0;;;0;0;0;0;0;0;0;;;;0;;0;0;;;0;;0;0;
B658816D-ECD0-44A2-AC83-AFB566EEA983;Новогодняя вечеринка (1"х100) 1/2/1;novogodnjaja_vecherinka__1h100__121;СР96545;Р8632;СР96545;А7535---;796;0.04;0;0;100;1;45;Легенда;4650099541753;0;25;Батарея салютов Новогодняя вечеринка;Красные волны с серебряным мерцанием, пурпурные жемчужины в белом мерцании, серебряные волны с треском, многоцветные пионы, серебряные волны с красными и зелеными мерцающими звездами, парчовые короны с синими звездами, золотые хризантемы с красными звездами.;1;0;1;1;штука;упаковка;2;коробка;штука;штука;6.6;0.0155;0;0;0;0;0;;;;;0;;0;0;;;0;0;0;0;0;0;0;;;;0;;0;0;;;0;;0;0;
B658816D-ECD0-44A2-AC83-AFB566EEA983;Новогодняя вечеринка (1"х100) 1/2/1;novogodnjaja_vecherinka__1h100__121;СР99698;СР99676;СР99698;А7535;796;0.052;0;0;100;1;45;Легенда;4650099541753;5750;25;Батарея салютов Новогодняя вечеринка;Красные волны с серебряным мерцанием, пурпурные жемчужины в белом мерцании, серебряные волны с треском, многоцветные пионы, серебряные волны с красными и зелеными мерцающими звездами, парчовые короны с синими звездами, золотые хризантемы с красными звездами.;0;0;1;1;штука;упаковка;2;коробка;штука;штука;6.6;0.0155;0;1;29.5;22.5;29.5;см;см;см;;0;;6600;0.019581;гр;м3;0;0;0;0;29.5;22.5;29.5;см;см;см;0;;6600;0.019581;;м3;0;;0;0;
B658816D-ECD0-44A2-AC83-AFB566EEA983;Новогодняя елка (0,6"х7) 1/72/2;novogodnjaja_elka__06h7__1722;В0335;Р8632;В0335;А7012---;796;0.049;0;0;36;0.8;45;Легенда;4650099541951;0;20;Батарея салютов Снеговик;Зеленые звезды раскрываются зелеными пионами в серебряном мерцании, пурпурные звезды раскрываются пурпурными волнами с треском, синие жемчужины в золотом мерцании, золотые кокосы в зеленых пионах, красные звезды раскрываются красными волнами в серебряном мерцании, в финале одновременный залп серебряных комет раскрывается серебряными кокосами в золотом трещащем мерцании 1000 хризантем.;1;0;1;1;штука;упаковка;12;коробка;штука;штука;1.54;0.0034;0;0;0;0;0;;;;;0;;0;0;;;0;0;0;0;0;0;0;;;;0;;0;0;;;0;;0;0;
B658816D-ECD0-44A2-AC83-AFB566EEA983;Новогодняя ёлка (1,2"х35) 1/4/1 (модуль);novogodnjaja_jolka__12h35__141__modul_;СР99671;СР99676;СР99671;А7405;796;0.044;4;0;35;1.25;45;Легенда;4650099542101;2750;30;Батарея салютов Новогодняя ёлка;Красные звезды раскрываются красными пионами в белом мерцании, зеленые звезды раскрываются желтыми звездами в трещащем серебряном мерцании, золотые мерцающие стрелы с синими жемчужинами, золотые трещащие мерцающие стрелы в зеленом мерцании, в финале одновременный залп красных звезд раскрывается трещащими красными стрелами в серебряном мерцании.;0;0;1;1;штука;упаковка;4;коробка;штука;штука;4.75;0.011;0;1;27.5;20;33;см;см;см;;0;;4750;0.01815;гр;м3;0;0;0;0;27.5;20;33;см;см;см;0;;4750;0.01815;;м3;0;;0;0;
B658816D-ECD0-44A2-AC83-AFB566EEA983;Новогодняя затея (1"х12) 1/18/1;novogodnjaja_zateja__1h12__1181;СР99659;СР99676;СР99659;А7015;796;0.08;18;0;12;1;25;Легенда;4650099541982;730;25;Батарея салютов Новогодняя затея;Красные, зеленые и синие звезды раскрываются золотыми шипящими стрелами с красными, зелеными и синими жемчужинами, в финале одновременный залп золотых комет раскрывается красными мерцающими ивами.;0;0;1;1;штука;упаковка;18;коробка;штука;штука;1.64;0.0044;1;1;15.5;15;15.5;см;см;см;;0;;1640;0.003604;гр;м3;0;0;0;1;15.5;15;15.5;см;см;см;0;;1640;0.003604;;м3;0;;0;0;
B658816D-ECD0-44A2-AC83-AFB566EEA983;Новогодняя карусель (1,25"х100) 1/1/1;novogodnjaja_karusel__125h100__111;СР8838;Р8632;СР8838;А7616---;796;0.0395;0;0;100;1.25;50;Легенда;4650099541807;0;30;Батарея салютов Новогодняя карусель;Красные пионы с переходом в белый цвет, кокосы в мерцающих пионах, серебряные мерцающие ивы, белые кроссеты, трещащие букеты в красных жемчужинах.;1;0;1;1;штука;упаковка;1;коробка;штука;штука;13;0.038;0;0;0;0;0;;;;;0;;0;0;;;0;0;0;0;0;0;0;;;;0;;0;0;;;0;;0;0;
B658816D-ECD0-44A2-AC83-AFB566EEA983;Новогодняя карусель (1,25"х100) 1/1/1;novogodnjaja_karusel__125h100__111;СР99691;СР99676;СР99691;А7616;796;0.038;0;0;100;1.25;50;Легенда;4650099541807;9800;30;Батарея салютов Новогодняя карусель;Красные пионы с переходом в белый цвет, кокосы в мерцающих пионах, серебряные мерцающие ивы, белые кроссеты, трещащие букеты в красных жемчужинах.;0;0;1;1;штука;упаковка;1;коробка;штука;штука;13;0.038;0;1;36;22.5;36;см;см;см;;0;;13000;0.02916;гр;м3;0;0;0;0;36;22.5;36;см;см;см;0;;13000;0.02916;;м3;0;;0;0;
B658816D-ECD0-44A2-AC83-AFB566EEA983;Новогодняя наклейка в ассортименте;novogodnjaja_naklejka_v_assortimente;СР9067;В0146;СР9067;205С031/С035/С036;796;0;0;0;0;0;0;0;0;0;0;;;0;0;0;0;;;0;;;;0;0;0;0;0;0;0;;;;;0;;0;0;;;0;0;0;0;0;0;0;;;;0;;0;0;;;0;;0;0;
B658816D-ECD0-44A2-AC83-AFB566EEA983;Новогодняя симфония 1/12/1;novogodnjaja_simfonija_1121;04208;СР96369;04208;04208;796;0;0;0;0;0;0;0;0;0;0;;;0;0;0;0;;;0;;;;0;0;0;0;0;0;0;;;;;0;;0;0;;;0;0;0;0;0;0;0;;;;0;;0;0;;;0;;0;0;
B658816D-ECD0-44A2-AC83-AFB566EEA983;Новый год (1"х36) 1/6/1;novyj_god__1h36__161;СР9572;Р8632;СР9572;А7383---;796;0.057;0;0;36;1;43;Легенда;4650099541593;0;25;Батарея салютов Новый год;Красные звезды раскрываются серебряными кокосами в красных пионах, золотые кометы раскрываются кокосами в зеленых пионах, золотые звезды раскрываются золотыми коронами в серебряных мерцающих пионах, красные звезды раскрываются красными трещащими мерцающими стрелами, зеленые звезды раскрываются золотыми коронами в зеленых пионах, переходящих в трещащее мерцание тысячи хризантем.;0;0;1;1;штука;упаковка;6;коробка;штука;штука;2.87;0.007;0;0;0;0;0;;;;;0;;0;0;;;0;0;0;0;0;0;0;;;;0;;0;0;;;0;;0;0;
B658816D-ECD0-44A2-AC83-AFB566EEA983;Новый год (1"х36) 1/6/1;novyj_god__1h36__161;СР99528;Р8632;СР99528;А7380---;796;0.057;0;0;0;0;0;0;0;0;0;;;0;0;0;0;;;0;;;;0;0;0;0;0;0;0;;;;;0;;0;0;;;0;0;0;0;0;0;0;;;;0;;0;0;;;0;;0;0;
B658816D-ECD0-44A2-AC83-AFB566EEA983;Новый год (1"х36) 1/6/1;novyj_god__1h36__161;СР99728;СР99676;СР99728;А7383;796;0.0418;0;0;36;1;43;Легенда;4650099541593;1950;25;Батарея салютов Новый год;Красные звезды раскрываются серебряными кокосами в красных пионах, золотые кометы раскрываются кокосами в зеленых пионах, золотые звезды раскрываются золотыми коронами в серебряных мерцающих пионах, красные звезды раскрываются красными трещащими мерцающими стрелами, зеленые звезды раскрываются золотыми коронами в зеленых пионах, переходящих в трещащее мерцание тысячи хризантем.;0;0;1;1;штука;упаковка;6;коробка;штука;штука;2.87;0.007;0;1;18;17.5;18;см;см;см;;0;;2870;0.00567;гр;м3;0;0;0;0;18;17.5;18;см;см;см;0;;2870;0.00567;;м3;0;;0;0;
B658816D-ECD0-44A2-AC83-AFB566EEA983;Новый Год (1"х49) 1/4/1;novyj_god__1h49__141;СР99108;СР99092;СР99108;VH100-49-01;796;0.038;4;0;0;0;0;0;0;0;0;;;0;0;0;0;;;0;;;;0;0;0;0;0;0;0;;;;;0;;0;0;;;0;0;0;0;0;0;0;;;;0;;0;0;;;0;;0;0;
B658816D-ECD0-44A2-AC83-AFB566EEA983;Ночная фея (1"х49) 1/4/1;nochnaja_feja__1h49__141;СР9577;Р8632;СР9577;А7449---;796;0.0423;0;0;0;0;0;0;0;0;0;;;0;0;0;0;;;0;;;;0;0;0;0;0;0;0;;;;;0;;0;0;;;0;0;0;0;0;0;0;;;;0;;0;0;;;0;;0;0;
B658816D-ECD0-44A2-AC83-AFB566EEA983;Ночной Дозор (1"х100) 1/2/1;nochnoj_dozor__1h100__121;СР9546;Р8632;СР9546;А7528---;796;0.04;0;0;0;0;0;0;0;0;0;;;0;0;0;0;;;0;;;;0;0;0;0;0;0;0;;;;;0;;0;0;;;0;0;0;0;0;0;0;;;;0;;0;0;;;0;;0;0;
B658816D-ECD0-44A2-AC83-AFB566EEA983;Ночной Токио 1/24/6;nochnoj_tokio_1246;СР8652;СР8643;СР8652;А5038---;796;0.0549;0;0;0;0;0;0;0;0;0;;;0;0;0;0;;;0;;;;0;0;0;0;0;0;0;;;;;0;;0;0;;;0;0;0;0;0;0;0;;;;0;;0;0;;;0;;0;0;
B658816D-ECD0-44A2-AC83-AFB566EEA983;Обручальные кольца (1,25"х100) 1/1/1;obruchalnye_kolca__125h100__111;182064**;Р8632;182064**;А7607---;796;0.043;0;0;100;1.25;50;Легенда;4650099542842;0;30;Батарея салютов Громыхало;Фонтан золотых искр переходящий в серебристое мерцание с красным треском, серебристое мерцание с зеленым треском, голубые звезды на фоне серебряного мерцания, разноцветные сверкающие звезды переходящие в пурпурные кокосы, голубые, красные, зеленые шлейфы раскрываются сверкающими золотыми звездами, голубые, красные, зеленые шлейфы переходят в серебряные кокосы, синий шлейф раскрывается парчовой короной в зеленом блеске, синие шлейфы, золотые волны переходят в красные и зеленые звезды, парчовая ива, синий шлейф переходит в серебристый кокос с треском.;1;0;1;1;штука;упаковка;1;коробка;штука;штука;17;0.0609;0;0;0;0;0;;;;;0;;0;0;;;0;0;0;0;0;0;0;;;;0;;0;0;;;0;;0;0;
B658816D-ECD0-44A2-AC83-AFB566EEA983;Огнебаза 10 залпов;ognebaza_10_zalpov;СР9250;СР8733;СР9250;СББ001010;796;0;0;0;0;0;0;0;0;0;0;;;0;0;0;0;;;0;;;;0;0;0;0;0;0;0;;;;;0;;0;0;;;0;0;0;0;0;0;0;;;;0;;0;0;;;0;;0;0;
B658816D-ECD0-44A2-AC83-AFB566EEA983;Огнебаза 12 залпов;ognebaza_12_zalpov;СР9251;СР8733;СР9251;СББ9050;796;0;0;0;0;0;0;0;0;0;0;;;0;0;0;0;;;0;;;;0;0;0;0;0;0;0;;;;;0;;0;0;;;0;0;0;0;0;0;0;;;;0;;0;0;;;0;;0;0;
B658816D-ECD0-44A2-AC83-AFB566EEA983;Огнебаза 13 залпов;ognebaza_13_zalpov;СР9270;СР8733;СР9270;СББ016013;796;0;0;0;0;0;0;0;0;0;0;;;0;0;0;0;;;0;;;;0;0;0;0;0;0;0;;;;;0;;0;0;;;0;0;0;0;0;0;0;;;;0;;0;0;;;0;;0;0;
B658816D-ECD0-44A2-AC83-AFB566EEA983;Огнебаза 15 залпов;ognebaza_15_zalpov;СР9282;СР8733;СР9282;СББ7460;796;0;0;0;0;0;0;0;0;0;0;;;0;0;0;0;;;0;;;;0;0;0;0;0;0;0;;;;;0;;0;0;;;0;0;0;0;0;0;0;;;;0;;0;0;;;0;;0;0;
B658816D-ECD0-44A2-AC83-AFB566EEA983;Огнебаза 19 залпов;ognebaza_19_zalpov;СР9266;СР8733;СР9266;СББ012019;796;0;0;0;0;0;0;0;0;0;0;;;0;0;0;0;;;0;;;;0;0;0;0;0;0;0;;;;;0;;0;0;;;0;0;0;0;0;0;0;;;;0;;0;0;;;0;;0;0;
B658816D-ECD0-44A2-AC83-AFB566EEA983;Огнебаза 19 залпов;ognebaza_19_zalpov;СР9271;СР8733;СР9271;СББ026019;796;0;0;0;0;0;0;0;0;0;0;;;0;0;0;0;;;0;;;;0;0;0;0;0;0;0;;;;;0;;0;0;;;0;0;0;0;0;0;0;;;;0;;0;0;;;0;;0;0;
B658816D-ECD0-44A2-AC83-AFB566EEA983;Огнебаза 19 залпов;ognebaza_19_zalpov;СР9284;СР8733;СР9284;СББ811019;796;0;0;0;0;0;0;0;0;0;0;;;0;0;0;0;;;0;;;;0;0;0;0;0;0;0;;;;;0;;0;0;;;0;0;0;0;0;0;0;;;;0;;0;0;;;0;;0;0;
B658816D-ECD0-44A2-AC83-AFB566EEA983;Огнебаза 36 залпов;ognebaza_36_zalpov;СР9281;СР8733;СР9281;СББ7140;796;0;0;0;0;0;0;0;0;0;0;;;0;0;0;0;;;0;;;;0;0;0;0;0;0;0;;;;;0;;0;0;;;0;0;0;0;0;0;0;;;;0;;0;0;;;0;;0;0;
B658816D-ECD0-44A2-AC83-AFB566EEA983;Огнебаза 7 залпов;ognebaza_7_zalpov;СР9264;СР8733;СР9264;СББ005007;796;0;0;0;0;0;0;0;0;0;0;;;0;0;0;0;;;0;;;;0;0;0;0;0;0;0;;;;;0;;0;0;;;0;0;0;0;0;0;0;;;;0;;0;0;;;0;;0;0;
B658816D-ECD0-44A2-AC83-AFB566EEA983;Огнебеза 10 залпов;ognebeza_10_zalpov;СР9261;СР8733;СР9261;СББ002010;796;1;0;0;0;0;0;0;0;0;0;;;0;0;0;0;;;0;;;;0;0;0;0;0;0;0;;;;;0;;0;0;;;0;0;0;0;0;0;0;;;;0;;0;0;;;0;;0;0;
B658816D-ECD0-44A2-AC83-AFB566EEA983;Огнедышащий дракон (1,25"х100) 1/1/1Веер;ognedyshaschij_drakon__125h100__111veer;В8159;Р8632;В8159;А7950---;796;0.064;0;0;0;0;0;0;0;0;0;;;0;0;0;0;;;0;;;;0;0;0;0;0;0;0;;;;;0;;0;0;;;0;0;0;0;0;0;0;;;;0;;0;0;;;0;;0;0;
B658816D-ECD0-44A2-AC83-AFB566EEA983;Огненные пчелы 30/10/12;ognennye_pchely_301012;174267;Р8795;174267;Р3010;796;0.043;0;0;0;0;0;0;0;0;0;;;0;0;0;0;;;0;;;;0;0;0;0;0;0;0;;;;;0;;0;0;;;0;0;0;0;0;0;0;;;;0;;0;0;;;0;;0;0;
B658816D-ECD0-44A2-AC83-AFB566EEA983;Огненный дракон  (1,2х49)  1/2/1;ognennyj_drakon___12h49___121;СР96365;СР8733;СР96365;D7986;796;0;0;0;0;0;0;0;0;0;0;;;0;0;0;0;;;0;;;;0;0;0;0;0;0;0;;;;;0;;0;0;;;0;0;0;0;0;0;0;;;;0;;0;0;;;0;;0;0;
B658816D-ECD0-44A2-AC83-AFB566EEA983;Огни большого города (1,5*х6) 1/15/1;ogni_bolshogo_goroda__15h6__1151;182057;СР8669;182057;А6210---;796;0.066;0;0;0;0;0;0;0;0;0;;;0;0;0;0;;;0;;;;0;0;0;0;0;0;0;;;;;0;;0;0;;;0;0;0;0;0;0;0;;;;0;;0;0;;;0;;0;0;
B658816D-ECD0-44A2-AC83-AFB566EEA983;Огни Москвы (0,8"-1"-1,25"х200) 1/1/1 (Веер);ogni_moskvy__081125h200__111__veer_;743;СР99676;743;А7621;796;0.1303;0;0;200;1;153;Легенда;4650099542835;9999;30;Батарея салютов Огни Москвы;Синие, зеленые и красные звёзды раскрываются золотыми коронами с синими, зелеными и красными звездами на острие, шипящими мерцающими стрелами в зеленых и красных звёздах, зелеными волнами, пурпурными пионами с зелёными жемчужинами, золотыми хризантемами с зелеными и красными звездами переходящими в эффект тысячи хризантем, серебряные кометы раскрываются серебряными метеорами, переходящими в золотой треск, синие звёзды раскрываются золотыми ивами в синих жемчужинах, переходящими в красные звёзды, красные и зелёные звёзды раскрываются шипящими мерцающими стрелами с зелёными и красными звездами на острие, в финале одновременный залп красных звёзд раскрывается золотыми трещащими мерцающими кокосами.;0;0;1;1;штука;упаковка;1;коробка;штука;штука;26.1;0.1303;1;1;36;28;96;см;см;см;;0;;26100;0.096768;гр;м3;0;0;0;1;36;28;96;см;см;см;0;;26100;0.096768;;м3;0;;0;0;
B658816D-ECD0-44A2-AC83-AFB566EEA983;Огни Москвы (1"х200) 1/1/1;ogni_moskvy__1h200__111;СР9226;Р8632;СР9226;А7621---;796;0.062;0;0;200;1;153;Легенда;4650099542835;0;30;Батарея салютов Огни Москвы;Синие, зеленые и красные звёзды раскрываются золотыми коронами с синими, зелеными и красными звездами на острие, шипящими мерцающими стрелами в зеленых и красных звёздах, зелеными волнами, пурпурными пионами с зелёными жемчужинами, золотыми хризантемами с зелеными и красными звездами переходящими в эффект тысячи хризантем, серебряные кометы раскрываются серебряными метеорами, переходящими в золотой треск, синие звёзды раскрываются золотыми ивами в синих жемчужинах, переходящими в красные звёзды, красные и зелёные звёзды раскрываются шипящими мерцающими стрелами с зелёными и красными звездами на острие, в финале одновременный залп красных звёзд раскрывается золотыми трещащими мерцающими кокосами.;1;0;1;1;штука;упаковка;1;коробка;штука;штука;26.1;0.1303;0;0;0;0;0;;;;;0;;0;0;;;0;0;0;0;0;0;0;;;;0;;0;0;;;0;;0;0;
B658816D-ECD0-44A2-AC83-AFB566EEA983;Огонек 1/60/10;ogonek_16010;СР9216;СР8629;СР9216;А4000---;796;0.03;0;0;0;0;0;0;0;0;0;;;0;0;0;0;;;0;;;;0;0;0;0;0;0;0;;;;;0;;0;0;;;0;0;0;0;0;0;0;;;;0;;0;0;;;0;;0;0;
B658816D-ECD0-44A2-AC83-AFB566EEA983;Одиссея (1,25"х49) 1/2/1;odisseja__125h49__121;В8104;Р8632;В8104;А7506*---;796;0.0561;0;0;0;0;0;0;0;0;0;;;0;0;0;0;;;0;;;;0;0;0;0;0;0;0;;;;;0;;0;0;;;0;0;0;0;0;0;0;;;;0;;0;0;;;0;;0;0;
B658816D-ECD0-44A2-AC83-AFB566EEA983;Однокласники (1"х20) 1/12/1;odnoklasniki__1h20__1121;СР8786;Р8632;СР8786;А7104---;796;0.052;0;0;0;0;0;0;0;0;0;;;0;0;0;0;;;0;;;;0;0;0;0;0;0;0;;;;;0;;0;0;;;0;0;0;0;0;0;0;;;;0;;0;0;;;0;;0;0;
B658816D-ECD0-44A2-AC83-AFB566EEA983;Одноклассники (1"х20) 1/12/1;odnoklassniki__1h20__1121;Т105646;СР99676;Т105646;А7104;796;0.0414;0;0;20;1;0;Легенда;4650099541289;0;25;Батарея салютов Одноклассники;;0;0;1;1;штука;упаковка;12;коробка;штука;;0;0;0;1;0;0;0;;;;;0;;0;0;;;0;0;0;0;0;0;0;;;;0;;1500;0.00345;;;0;;0;0;
B658816D-ECD0-44A2-AC83-AFB566EEA983;Ожерелье  (0,8"х8) 1/36/4;ozherele___08h8__1364;СР99817;СР99807;СР99817;А5045;796;0.07;144;0;8;0.8;40;Легенда;4650099540886;740;20;Римская свеча Ожерелье;Многоцветные пионы с треском, парчовые короны с синими жемчужинами, зеленые жемчужины в белом мерцании, пурпурные кокосы.;0;0;1;4;штука;упаковка;36;коробка;упаковка;упаковка;0.83;0.002;0;1;5;0;65;см;0;см;;5;см;735;0.001625;гр;м3;0;0;0;0;0;5;65;;см;см;5;см;735;0.001625;;м3;0;;0;0;
B658816D-ECD0-44A2-AC83-AFB566EEA983;Ожерелье (0,8"х8) 1/36/4;ozherele__08h8__1364;СР9196;СР8643;СР9196;А5045---;796;0.0634;0;0;0;0;0;0;0;0;0;;;0;0;0;0;;;0;;;;0;0;0;0;0;0;0;;;;;0;;0;0;;;0;0;0;0;0;0;0;;;;0;;0;0;;;0;;0;0;
B658816D-ECD0-44A2-AC83-AFB566EEA983;Ожерелье 1/36/3;ozherele_1363;182054;СР8643;182054;А5045*---;796;0.037;0;0;0;0;0;0;0;0;0;;;0;0;0;0;;;0;;;;0;0;0;0;0;0;0;;;;;0;;0;0;;;0;0;0;0;0;0;0;;;;0;;0;0;;;0;;0;0;
B658816D-ECD0-44A2-AC83-AFB566EEA983;Озеро Титикака (1,25"х25) 1/4/1;ozero_titikaka__125h25__141;В8188;Р8632;В8188;А7309---;796;0.0437;0;0;0;0;0;0;0;0;0;;;0;0;0;0;;;0;;;;0;0;0;0;0;0;0;;;;;0;;0;0;;;0;0;0;0;0;0;0;;;;0;;0;0;;;0;;0;0;
B658816D-ECD0-44A2-AC83-AFB566EEA983;Оливье (1"х13) 1/24/1;olive__1h13__1241;СР9562;Р8632;СР9562;А7111---;796;0.084;0;0;13;1;30;Легенда;4650099541319;0;25;Батарея салютов Оливье;Трещащие золотые кометы раскрываются золотыми стрелами с красными и зелеными звездами на острие, золотыми трещащими ивами с красными
 звездами.;1;0;1;1;штука;упаковка;24;коробка;штука;штука;0.95;0.0023;0;0;0;0;0;;;;;0;;0;0;;;0;0;0;0;0;0;0;;;;0;;0;0;;;0;;0;0;
B658816D-ECD0-44A2-AC83-AFB566EEA983;Оливье (1"х13) 1/24/1;olive__1h13__1241;СР99766;СР99676;СР99766;А7111;796;0.054;0;0;13;1;30;Легенда;4650099541319;740;25;Батарея салютов Оливье;Трещащие золотые кометы раскрываются золотыми стрелами с красными и зелеными звездами на острие, золотыми трещащими ивами с красными звездами.;0;0;1;1;штука;упаковка;24;коробка;штука;штука;0.95;0.0023;0;1;8.5;15;15.2;см;см;см;;0;;950;0.001938;гр;м3;0;0;0;0;8.5;15;15.2;см;см;см;0;;950;0.001938;;м3;0;;0;0;
B658816D-ECD0-44A2-AC83-AFB566EEA983;Оранжевая республика (0,8"-1"-1,25"х88) 1/2/1;oranzhevaja_respublika__081125h88__121;CP99120;СР99092;CP99120;VH-COMBI-05;796;0;0;0;0;0;0;0;0;0;0;;;0;0;0;0;;;0;;;;0;0;0;0;0;0;0;;;;;0;;0;0;;;0;0;0;0;0;0;0;;;;0;;0;0;;;0;;0;0;
B658816D-ECD0-44A2-AC83-AFB566EEA983;Оранжевый генерал (0,8"х100) 1/4/1;oranzhevyj_general__08h100__141;СР99105;СР99092;СР99105;VH080-100-02;796;0.054;4;0;0;0;0;0;0;0;0;;;0;0;0;0;;;0;;;;0;0;0;0;0;0;0;;;;;0;;0;0;;;0;0;0;0;0;0;0;;;;0;;0;0;;;0;;0;0;
B658816D-ECD0-44A2-AC83-AFB566EEA983;Орден (1"-2"х74) 1/2/1;orden__12h74__121;В4265;Р8632;В4265;А7706---;796;0.0458;0;0;0;0;0;0;0;0;0;;;0;0;0;0;;;0;;;;0;0;0;0;0;0;0;;;;;0;;0;0;;;0;0;0;0;0;0;0;;;;0;;0;0;;;0;;0;0;
B658816D-ECD0-44A2-AC83-AFB566EEA983;Орфей (1,25"х49) 1/2/1Прямой;orfej__125h49__121prjamoj;В8134;Р8632;В8134;А7900*---;796;0.045;0;0;0;0;0;0;0;0;0;;;0;0;0;0;;;0;;;;0;0;0;0;0;0;0;;;;;0;;0;0;;;0;0;0;0;0;0;0;;;;0;;0;0;;;0;;0;0;
B658816D-ECD0-44A2-AC83-AFB566EEA983;Орхидея  (1,25"х8) 1/24/1;orhideja___125h8__1241;СР99816;СР99807;СР99816;А5035;796;0.0396;0;0;8;1.2;40;Легенда;4650099540879;560;30;Римская свеча Орхидея;Белое мерцание с красными жемчужинами, пурпурные кокосы в зеленом мерцании, красные и зеленые кокосы, переходящие в мерцание тысячи хризантем.;0;0;1;1;штука;упаковка;24;коробка;штука;штука;0.71;0.0017;1;1;0;0;95;;;см;см;0;;680;0.004775;гр;м3;4;0;0;1;0;0;95;;;см;0;;680;0.004775;;м3;4;см;0;0;
B658816D-ECD0-44A2-AC83-AFB566EEA983;Орхидея (1.25"х8) 1/25/1;orhideja__1.25h8__1251;СР9201;СР8643;СР9201;А5035---;796;0.0316;0;0;8;1.2;40;Легенда;4650099540879;0;30;Римская свеча Орхидея;Белое мерцание с красными жемчужинами, пурпурные кокосы в зеленом мерцании, красные и зеленые кокосы, переходящие в мерцание тысячи хризантем.;1;0;1;1;штука;упаковка;24;коробка;штука;штука;0.71;0.0017;0;0;0;0;0;;;;;0;;0;0;;;0;0;0;0;0;0;0;;;;0;;0;0;;;0;;0;0;
B658816D-ECD0-44A2-AC83-AFB566EEA983;Осенний бриз (1,25"х19) 1/8/1;osennij_briz__125h19__181;СР99537;СР9380;СР99537;01214;796;0;0;0;0;0;0;0;0;0;0;;;0;0;0;0;;;0;;;;0;0;0;0;0;0;0;;;;;0;;0;0;;;0;0;0;0;0;0;0;;;;0;;0;0;;;0;;0;0;
B658816D-ECD0-44A2-AC83-AFB566EEA983;Остров Пасхи (1,25"х19) 1/6/1;ostrov_pashi__125h19__161;В8179;Р8632;В8179;А7215---;796;0.061;0;0;0;0;0;0;0;0;0;;;0;0;0;0;;;0;;;;0;0;0;0;0;0;0;;;;;0;;0;0;;;0;0;0;0;0;0;0;;;;0;;0;0;;;0;;0;0;
B658816D-ECD0-44A2-AC83-AFB566EEA983;Остров Формоза (0.8"х64) 1/6/1;ostrov_formoza__0.8h64__161;СР99104;СР99092;СР99104;VH080-64-01;796;0.044;6;0;0;0;0;0;0;0;0;;;0;0;0;0;;;0;;;;0;0;0;0;0;0;0;;;;;0;;0;0;;;0;0;0;0;0;0;0;;;;0;;0;0;;;0;;0;0;
B658816D-ECD0-44A2-AC83-AFB566EEA983;Очень важная персона (1"Х300) 1/1/1;ochen_vazhnaja_persona__1h300__111;СР9227;Р8632;СР9227;А7622---;796;0.092;0;0;300;1.1;183;Легенда;4650099541845;0;25;Батарея салютов Очень важная персона;Красные звёзды раскрываются многоцветными пионами, переходящими в серебряное мерцание, синие звезды раскрываются серебряными рыбками в синих жемчужинах, красные звёзды раскрываются золотыми мерцающими стрелами с зелёными жемчужинами, зеленые и красные звёзды раскрываются золотыми коронами с зелёными и красными звёздами, переходящими в белое мерцание, пурпурный звёзды раскрываются пурпурными трещащими хризантемами с белым мерцанием, золотые светящиеся вертушки раскрываются зелёными, пурпурными и красными георгинами переходящими в мерцающий треск, красные и синие звезды раскрываются большими золотыми кокосами в зелёных жемчужинах и большими золотыми кокосами в белом мерцании, в финале одновременный залп красных шипящих мерцающих комет раскрывается красными хризантемами переходящими в эффект тысячи хризантем.;1;0;1;1;штука;упаковка;1;коробка;штука;штука;27.3;0.078;0;0;0;0;0;;;;;0;;0;0;;;0;0;0;0;0;0;0;;;;0;;0;0;;;0;;0;0;
B658816D-ECD0-44A2-AC83-AFB566EEA983;Очень важная персона (1"Х300) 1/1/1;ochen_vazhnaja_persona__1h300__111;Т7622;СР99676;Т7622;А7622;796;0.085;0;0;300;1.1;183;Легенда;4650099541845;9999;25;Батарея салютов Очень важная персона;Красные звёзды раскрываются многоцветными пионами, переходящими в серебряное мерцание, синие звезды раскрываются серебряными рыбками в синих жемчужинах, красные звёзды раскрываются золотыми мерцающими стрелами с зелёными жемчужинами, зеленые и красные звёзды раскрываются золотыми коронами с зелёными и красными звёздами, переходящими в белое мерцание, пурпурный звёзды раскрываются пурпурными трещащими хризантемами с белым мерцанием, золотые светящиеся вертушки раскрываются зелёными, пурпурными и красными георгинами переходящими в мерцающий треск, красные и синие звезды раскрываются большими золотыми кокосами в зелёных жемчужинах и большими золотыми кокосами в белом мерцании, в финале одновременный залп красных шипящих мерцающих комет раскрывается красными хризантемами переходящими в эффект тысячи хризантем.;0;0;1;1;штука;упаковка;1;коробка;штука;штука;27.3;0.078;0;1;47;22.5;64;см;см;см;;0;;27300;0.06768;гр;м3;0;0;0;0;47;22.5;64;см;см;см;0;;27300;0.06768;;м3;0;;0;0;
B658816D-ECD0-44A2-AC83-AFB566EEA983;Пагода (1,25"х49) 1/2/1;pagoda__125h49__121;В8115;Р8632;В8115;А7508---;796;0.04;0;0;0;0;0;0;0;0;0;;;0;0;0;0;;;0;;;;0;0;0;0;0;0;0;;;;;0;;0;0;;;0;0;0;0;0;0;0;;;;0;;0;0;;;0;;0;0;
B658816D-ECD0-44A2-AC83-AFB566EEA983;Панорама 1,25х150;panorama_125h150;СР9415;СР9380;СР9415;01141;796;0;0;0;0;0;0;0;0;0;0;;;0;0;0;0;;;0;;;;0;0;0;0;0;0;0;;;;;0;;0;0;;;0;0;0;0;0;0;0;;;;0;;0;0;;;0;;0;0;
B658816D-ECD0-44A2-AC83-AFB566EEA983;Пантеон (1,25"х49) 1/2/1;panteon__125h49__121;В8601;Р8632;В8601;А7510---;796;0.0435;0;0;0;0;0;0;0;0;0;;;0;0;0;0;;;0;;;;0;0;0;0;0;0;0;;;;;0;;0;0;;;0;0;0;0;0;0;0;;;;0;;0;0;;;0;;0;0;
B658816D-ECD0-44A2-AC83-AFB566EEA983;Парад (1,25"х13) 1/10/1;parad__125h13__1101;СР8818;Р8632;СР8818;А7103---;796;0.0467;0;0;0;0;0;0;0;0;0;;;0;0;0;0;;;0;;;;0;0;0;0;0;0;0;;;;;0;;0;0;;;0;0;0;0;0;0;0;;;;0;;0;0;;;0;;0;0;
B658816D-ECD0-44A2-AC83-AFB566EEA983;Парашютист 1/96/6;parashjutist_1966;СР9181;Р7685;СР9181;А2032---;796;0.049;0;0;0;0;0;0;0;0;0;;;0;0;0;0;;;0;;;;0;0;0;0;0;0;0;;;;;0;;0;0;;;0;0;0;0;0;0;0;;;;0;;0;0;;;0;;0;0;
B658816D-ECD0-44A2-AC83-AFB566EEA983;Парашютист 1/96/6;parashjutist_1966;СР99716;СР99709;СР99716;А2032;796;0.0456;96;0;6;0.7;0;Легенда;4650099540367;6;15;Ракеты Парашютист;Букеты с красными и зелеными вспышками.;0;0;1;6;штука;упаковка;96;блок;упаковка;упаковка;0.09;0.0005;1;1;4;0;38;см;;см;;4;см;84;0.000608;гр;м3;0;0;0;0;0;4;38;;см;см;4;см;84;0.000608;;м3;0;;0;0;
B658816D-ECD0-44A2-AC83-AFB566EEA983;Патриот (1,25"х50) 1/2/1;patriot__125h50__121;СР8797;Р8632;СР8797;А7519---;796;0.0426;0;0;50;1.25;45;Легенда;4650099542859;0;30;Батарея салютов Патриот;Двухуровневый  на нижнем уровне букет синих жемчужин, на верхнем уровне синие звезды раскрываются золотыми коронами в золотом мерцании, в финале одновременный залп синих звезд раскрывается золотыми коронами с треском.;1;0;1;1;штука;упаковка;1;коробка;штука;штука;7.25;0.0209;0;0;0;0;0;;;;;0;;0;0;;;0;0;0;0;0;0;0;;;;0;;0;0;;;0;;0;0;
B658816D-ECD0-44A2-AC83-AFB566EEA983;Патриот (1,25"х50) 1/2/1;patriot__125h50__121;Т7519;СР99676;Т7519;А7519;796;0.039;0;0;50;1.25;45;Легенда;4650099542859;5200;30;Батарея салютов Патриот;Двухуровневый  на нижнем уровне букет синих жемчужин, на верхнем уровне синие звезды раскрываются золотыми коронами в золотом мерцании, в финале одновременный залп синих звезд раскрывается золотыми коронами с треском.;0;0;1;1;штука;упаковка;2;коробка;штука;штука;7.25;0.0209;0;1;18.8;22.3;37.5;см;см;см;;0;;7250;0.015722;гр;м3;0;0;0;0;18.8;22.3;37.5;см;см;см;0;;7250;0.015722;;м3;0;;0;0;
B658816D-ECD0-44A2-AC83-AFB566EEA983;Пегас (1,25"х150) 1/1/1 (прямой);pegas__125h150__111__prjamoj_;744;СР99676;744;А7642;796;0.0937;0;0;150;1.25;80;Легенда;4650099542927;9999;30;Батарея салютов Пегас;Красные, зеленые, синие звёзды и серебряные кометы раскрываются золотыми волнами, переходящими в яркие звёзды, серебряными мерцающими стрелами, мерцающими коронами, золотыми стробами в серебряном мерцании, в финале залп раскрывающийся титановым хлопком.;0;0;1;1;штука;упаковка;1;коробка;штука;штука;23;0.0607;0;1;55;23.7;59;см;см;см;;0;;23000;0.076907;гр;м3;0;0;0;0;55;23.7;59;см;см;см;0;;23000;0.076907;;м3;0;;0;0;
B658816D-ECD0-44A2-AC83-AFB566EEA983;Пенальти (1"х9) 1/24/1;penalti__1h9__1241;В0343;Р8632;В0343;А7027---;796;0.044;0;0;19;1.2;30;Легенда;4650099542019;0;25;Батарея салютов Сорвиголова;Зеленые звезды раскрываются мерцающими золотыми стрелами с красным мерцанием, золотые кокосы в синих жемчужинах, зеленые звезды раскрываются зелеными волнами в красном мерцании, серебряные звезды раскрываются большими золотыми кокосами в золотом мерцании 1000 хризантем.;0;0;1;1;штука;упаковка;8;коробка;штука;штука;2.58;0.0071;0;0;0;0;0;;;;;0;;0;0;;;0;0;0;0;0;0;0;;;;0;;0;0;;;0;;0;0;
B658816D-ECD0-44A2-AC83-AFB566EEA983;Перец (1,25"х19) 1/8/1;perec__125h19__181;Т351;Т371;Т351;М7470;796;0.0651;0;0;19;1.25;33;Галактика;4650099542514;0;30;Батарея салютов Перец;Синие звезды раскрываются серебряными коронами с красными мерцающими жемчужинами, в финале одновременный залп красных звезд раскрывается серебряными трещащими и мерцающими стрелами с красными звездами на острие.;0;0;1;1;штука;упаковка;8;коробка;штука;штука;2.58;0.0016;0;1;8.4;22.1;8.4;см;см;см;;0;;2580;0.001559;гр;м3;0;0;0;0;8.4;22.1;8.4;см;см;см;8;см;2580;0.001559;;м3;0;;0;0;
B658816D-ECD0-44A2-AC83-AFB566EEA983;Персидская ночь (1,5"х6) 1/15/1;persidskaja_noch__15h6__1151;СР99529;Р8809;СР99529;08002;796;0;0;0;0;0;0;0;0;0;0;;;0;0;0;0;;;0;;;;0;0;0;0;0;0;0;;;;;0;;0;0;;;0;0;0;0;0;0;0;;;;0;;0;0;;;0;;0;0;
B658816D-ECD0-44A2-AC83-AFB566EEA983;Пестрая лента (1 1/4"*16) 1/8/1;pestraja_lenta__1_1416__181;8099;Р8180;8099;Р8803;796;0.0624;0;0;0;0;0;0;0;0;0;;;0;0;0;0;;;0;;;;0;0;0;0;0;0;0;;;;;0;;0;0;;;0;0;0;0;0;0;0;;;;0;;0;0;;;0;;0;0;
B658816D-ECD0-44A2-AC83-AFB566EEA983;Петарда - Лягушка 25/10/5;petarda__ljagushka_25105;0001092;СР8860;0001092;Р1092;796;0.0328;0;0;0;0;0;0;0;0;0;;;0;0;0;0;;;0;;;;0;0;0;0;0;0;0;;;;;0;;0;0;;;0;0;0;0;0;0;0;;;;0;;0;0;;;0;;0;0;
B658816D-ECD0-44A2-AC83-AFB566EEA983;Петарда треугольник 4см 1/100/20;petarda_treugolnik_4sm_110020;СР97691;СР8798;СР97691;А1060---;796;0.0227;0;0;0;0;0;Легенда;4650099540084;0;0;Петарда Треугольник;Громкий хлопок.;1;0;1;20;штука;упаковка;100;блок;упаковка;упаковка;0.05;0.0003;0;0;0;0;0;;;;;0;;0;0;;;0;0;0;0;0;0;0;;;;0;;0;0;;;0;;0;0;
B658816D-ECD0-44A2-AC83-AFB566EEA983;Петарда треугольник 4см 1/100/20;petarda_treugolnik_4sm_110020;СР99703;СР99675;СР99703;А1060;796;0.026;0;0;20;0;0;Легенда;4650099540084;20;0;Петарда Треугольник;Громкий хлопок.;0;0;1;20;штука;упаковка;100;коробка;упаковка;упаковка;0.05;0.0003;1;1;0;0;0;;;;;0;;0;0;;;0;0;0;0;7.5;2.5;11;см;см;см;0;;50;0.000206;;м3;0;;0;0;
B658816D-ECD0-44A2-AC83-AFB566EEA983;Петр Великий (1,25"х180) 1/1/1Веер;petr_velikij__125h180__111veer;В8615;Р8632;В8615;А7965---;796;0.074;0;0;0;0;0;0;0;0;0;;;0;0;0;0;;;0;;;;0;0;0;0;0;0;0;;;;;0;;0;0;;;0;0;0;0;0;0;0;;;;0;;0;0;;;0;;0;0;
B658816D-ECD0-44A2-AC83-AFB566EEA983;Пизанская башня (1,25"х100) 1/1/1Веер;pizanskaja_bashnja__125h100__111veer;В8658;Р8632;В8658;А7949---;796;0.064;0;0;0;0;0;0;0;0;0;;;0;0;0;0;;;0;;;;0;0;0;0;0;0;0;;;;;0;;0;0;;;0;0;0;0;0;0;0;;;;0;;0;0;;;0;;0;0;
B658816D-ECD0-44A2-AC83-AFB566EEA983;Пингвины (1"х36) 1/6/1;pingviny__1h36__161;Т359;Т371;Т359;М7260;796;0.048;0;0;36;1;43;Галактика;4650099542682;1950;25;Батарея салютов Пингвины;Красные звезды раскрываются серебряными кокосами в красных пионах, золотые кометы раскрываются кокосами в зеленых пионах, золотые звезды раскрываются золотыми коронами в серебряных мерцающих пионах, красные звезды раскрываются красными трещащими мерцающими стрелами, зеленые звезды раскрываются золотыми коронами в зеленых пионах, переходящих в трещащее мерцание тысячи хризантем;0;0;1;1;штука;упаковка;6;коробка;штука;штука;2.85;0.0073;0;1;17.4;17.5;17.4;см;см;см;;0;;2850;0.005298;гр;м3;0;0;0;0;17.4;17.5;17.4;см;см;см;17;см;2850;0.005298;;м3;0;;0;0;
B658816D-ECD0-44A2-AC83-AFB566EEA983;Пион   (1,5"х5) 1/24/1;pion____15h5__1241;СР9206;СР8643;СР9206;А5211---;796;0;0;0;0;0;0;0;0;0;0;;;0;0;0;0;;;0;;;;0;0;0;0;0;0;0;;;;;0;;0;0;;;0;0;0;0;0;0;0;;;;0;;0;0;;;0;;0;0;
B658816D-ECD0-44A2-AC83-AFB566EEA983;Пион (0,7х6) 1/24/4;pion__07h6__1244;СР99556;Т376;СР99556;12010;796;0;0;0;0;0;0;0;0;0;0;;;0;0;0;0;;;0;;;;0;0;0;0;0;0;0;;;;;0;;0;0;;;0;0;0;0;0;0;0;;;;0;;0;0;;;0;;0;0;
B658816D-ECD0-44A2-AC83-AFB566EEA983;Пирамиды Хеопса (1,25"х19) 1/6/1;piramidy_heopsa__125h19__161;182070**;Р8632;182070**;А7220---;796;0.061;0;0;0;0;0;0;0;0;0;;;0;0;0;0;;;0;;;;0;0;0;0;0;0;0;;;;;0;;0;0;;;0;0;0;0;0;0;0;;;;0;;0;0;;;0;;0;0;
B658816D-ECD0-44A2-AC83-AFB566EEA983;Пиратка 38*15мм  16/16/6;piratka_3815mm__16166;СР99580;СР8860;СР99580;К0401В;796;0;0;0;0;0;0;0;0;0;0;;;0;0;0;0;;;0;;;;0;0;0;0;0;0;0;;;;;0;;0;0;;;0;0;0;0;0;0;0;;;;0;;0;0;;;0;;0;0;
B658816D-ECD0-44A2-AC83-AFB566EEA983;Плазма (1"х8) 1/22/2;plazma__1h8__1222;СР9198;СР8643;СР9198;А5065*---;796;0;0;0;0;0;0;0;0;0;0;;;0;0;0;0;;;0;;;;0;0;0;0;0;0;0;;;;;0;;0;0;;;0;0;0;0;0;0;0;;;;0;;0;0;;;0;;0;0;
B658816D-ECD0-44A2-AC83-AFB566EEA983;Плазма (1,25"х8) 1/24/2;plazma__125h8__1242;СР9610;СР8643;СР9610;А5065---;796;0.078;0;0;0;0;0;0;0;0;0;;;0;0;0;0;;;0;;;;0;0;0;0;0;0;0;;;;;0;;0;0;;;0;0;0;0;0;0;0;;;;0;;0;0;;;0;;0;0;
B658816D-ECD0-44A2-AC83-AFB566EEA983;Плеяды (2,5"х3) 1/12/3;plejady__25h3__1123;СР99162;СР99158;СР99162;02015;796;0;0;0;0;0;0;0;0;0;0;;;0;0;0;0;;;0;;;;0;0;0;0;0;0;0;;;;;0;;0;0;;;0;0;0;0;0;0;0;;;;0;;0;0;;;0;;0;0;
B658816D-ECD0-44A2-AC83-AFB566EEA983;Плутон (0,8х5) 1/24/4;pluton__08h5__1244;СР99558;Т376;СР99558;12013;796;0;0;0;0;0;0;0;0;0;0;;;0;0;0;0;;;0;;;;0;0;0;0;0;0;0;;;;;0;;0;0;;;0;0;0;0;0;0;0;;;;0;;0;0;;;0;;0;0;
B658816D-ECD0-44A2-AC83-AFB566EEA983;Пневмохлопушка 30 см (деньги)  1/6/12;pnevmohlopushka_30_sm__dengi___1612;УТ000188;УТ000015;УТ000188;А0232;796;0;0;0;0;0;0;;0;0;;;;0;0;0;0;;;0;;;;0;0;0;0;0;0;0;;;;;0;;0;0;;;0;0;0;0;0;0;0;;;;0;;0;0;;;0;;0;0;
B658816D-ECD0-44A2-AC83-AFB566EEA983;Пневмохлопушка 30 см (конф+серп) 1/6/12;pnevmohlopushka_30_sm__konfserp__1612;УТ000186;УТ000015;УТ000186;А0230;796;0;0;0;0;0;0;;0;0;;;;0;0;0;0;;;0;;;;0;0;0;0;0;0;0;;;;;0;;0;0;;;0;0;0;0;0;0;0;;;;0;;0;0;;;0;;0;0;
B658816D-ECD0-44A2-AC83-AFB566EEA983;Пневмохлопушка 30 см (конф+серп+сюрприз) 1/6/12;pnevmohlopushka_30_sm__konfserpsjurpriz__1612;УТ000187;УТ000015;УТ000187;А0231;796;0;0;0;0;0;0;;0;0;;;;0;0;0;0;;;0;;;;0;0;0;0;0;0;0;;;;;0;;0;0;;;0;0;0;0;0;0;0;;;;0;;0;0;;;0;;0;0;
B658816D-ECD0-44A2-AC83-AFB566EEA983;Пневмохлопушка 40 см (конф+серп) 1/6/12;pnevmohlopushka_40_sm__konfserp__1612;УТ000189;УТ000015;УТ000189;А0240;796;0;0;0;0;0;0;;0;0;;;;0;0;0;0;;;0;;;;0;0;0;0;0;0;0;;;;;0;;0;0;;;0;0;0;0;0;0;0;;;;0;;0;0;;;0;;0;0;
B658816D-ECD0-44A2-AC83-AFB566EEA983;Пневмохлопушка 50 см (конф+серп) 1/4/12;pnevmohlopushka_50_sm__konfserp__1412;УТ000190;УТ000015;УТ000190;А0250;796;0;0;0;0;0;0;;0;0;;;;0;0;0;0;;;0;;;;0;0;0;0;0;0;0;;;;;0;;0;0;;;0;0;0;0;0;0;0;;;;0;;0;0;;;0;;0;0;
B658816D-ECD0-44A2-AC83-AFB566EEA983;Победа (1,25"х25) 1/4/1;pobeda__125h25__141;В8198;Р8632;В8198;А7301---;796;0.046;0;0;0;0;0;0;0;0;0;;;0;0;0;0;;;0;;;;0;0;0;0;0;0;0;;;;;0;;0;0;;;0;0;0;0;0;0;0;;;;0;;0;0;;;0;;0;0;
B658816D-ECD0-44A2-AC83-AFB566EEA983;Подарок (1,25"х49) 1/2/1;podarok__125h49__121;182068*1;Р8632;182068*1;А7503---;796;0.043;0;0;49;1.25;48;Легенда;4650099541692;0;30;Батарея салютов Подарок;Красные звезды раскрываются красными хризантемами, зеленые звезды раскрываются зелеными хризантемами, пурпурные звезды раскрываются пурпурными хризантемами. В финале залп нескольких зарядов синей хризантемы в мерцании с треском.;1;0;1;1;штука;упаковка;2;коробка;штука;штука;7.5;0.0212;0;0;0;0;0;;;;;0;;0;0;;;0;0;0;0;0;0;0;;;;0;;0;0;;;0;;0;0;
B658816D-ECD0-44A2-AC83-AFB566EEA983;Подарок (1,25"х49) 1/2/1;podarok__125h49__121;СР99715;СР99676;СР99715;А7503;796;0.0423;0;0;49;1.25;48;Легенда;4650099541692;4900;30;Батарея салютов Подарок;Красные звезды раскрываются красными хризантемами, зеленые звезды раскрываются зелеными хризантемами, пурпурные звезды раскрываются пурпурными хризантемами. В финале залп нескольких зарядов синей хризантемы в мерцании с треском.;0;0;1;1;штука;упаковка;2;коробка;штука;штука;7.5;0.0212;1;1;26.2;25;26.2;см;см;см;;0;;7500;0.017161;гр;м3;0;0;0;1;26.2;25;26.2;см;см;см;0;;7500;0.017161;;м3;0;;0;0;
B658816D-ECD0-44A2-AC83-AFB566EEA983;Подарочные 1/24/1;podarochnye_1241;СР8670;СР8669;СР8670;А6020---;796;0.034;0;0;0;0;0;0;0;0;0;;;0;0;0;0;;;0;;;;0;0;0;0;0;0;0;;;;;0;;0;0;;;0;0;0;0;0;0;0;;;;0;;0;0;;;0;;0;0;
B658816D-ECD0-44A2-AC83-AFB566EEA983;Подмосковные вечера (1,25"х250) 1/1/1;podmoskovnye_vechera__125h250__111;СР9582;Р8632;СР9582;А7668---;796;0.093;0;0;0;0;0;0;0;0;0;;;0;0;0;0;;;0;;;;0;0;0;0;0;0;0;;;;;0;;0;0;;;0;0;0;0;0;0;0;;;;0;;0;0;;;0;;0;0;
B658816D-ECD0-44A2-AC83-AFB566EEA983;Подмосковные вечера (1,25"х250) 1/1/1;podmoskovnye_vechera__125h250__111;СР99681;СР99676;СР99681;А7668;796;0.102;0;0;250;1.25;200;Легенда;4650099541883;9999;30;Батарея салютов Подмосковные вечера;Красные звезды раскрываются красными хризантемами, зеленые звезды раскрываются зелеными георгинами, синие звезды раскрываются синими хризантемами и сине-красными пионами, золотые кометы раскрываются пурпурными пионами, красные звезды раскрываются красными хризантемами в серебряных мерцающих стробах, красные звезды раскрываются серебряными мерцающими трещащими стрелами, зеленые звезды раскрываются зелеными волнами в серебряных мерцающих пионах, желтые звезды раскрываются многоцветными хризантемами, сини звезды раскрываются синими хризантемами в серебряных мерцающих пионах, синие звезды раскрываются пурпурными хризантемами, переходящими в серебряное мерцание, красные звезды раскрываются золотыми коронами с пестиком разноцветных жемчужин, зеленые и красные звезды раскрываются зелеными, красными и желтыми кокосами в серебряных мерцающих пионах, золотые кометы раскрываются большими золотыми коронами, серебряные кометы раскрываются серебряными кокосами в серебряном мерцании, золотые кометы;0;0;1;1;штука;упаковка;1;коробка;штука;штука;32.7;0.102;0;1;35.5;25;89;см;см;см;;0;;32700;0.078988;гр;м3;0;0;0;0;35.5;25;89;см;см;см;0;;32700;0.078988;;м3;0;;0;0;
B658816D-ECD0-44A2-AC83-AFB566EEA983;Подсвечник  с золо шиш SC0162;podsvechnik__s_zolo_shish_sc0162;Р8511;В0146;Р8511;57/56292;796;0;0;0;0;0;0;0;0;0;0;;;0;0;0;0;;;0;;;;0;0;0;0;0;0;0;;;;;0;;0;0;;;0;0;0;0;0;0;0;;;;0;;0;0;;;0;;0;0;
B658816D-ECD0-44A2-AC83-AFB566EEA983;Подсвечник  с крас подар и шиш  SC0159;podsvechnik__s_kras_podar_i_shish__sc0159;Р8512;В0146;Р8512;57/56299;796;0;0;0;0;0;0;0;0;0;0;;;0;0;0;0;;;0;;;;0;0;0;0;0;0;0;;;;;0;;0;0;;;0;0;0;0;0;0;0;;;;0;;0;0;;;0;;0;0;
B658816D-ECD0-44A2-AC83-AFB566EEA983;Подсвечник для 3 свеч золот с хвоей SC306;podsvechnik_dlja_3_svech_zolot_s_hvoej_sc306;Р8513;В0146;Р8513;57/83703;796;0;0;0;0;0;0;0;0;0;0;;;0;0;0;0;;;0;;;;0;0;0;0;0;0;0;;;;;0;;0;0;;;0;0;0;0;0;0;0;;;;0;;0;0;;;0;;0;0;
B658816D-ECD0-44A2-AC83-AFB566EEA983;Подснежник (1,25"х19) 1/6/1;podsnezhnik__125h19__161;СР8789;Р8632;СР8789;А7195---;796;0.0586;0;0;0;0;0;0;0;0;0;;;0;0;0;0;;;0;;;;0;0;0;0;0;0;0;;;;;0;;0;0;;;0;0;0;0;0;0;0;;;;0;;0;0;;;0;;0;0;
B658816D-ECD0-44A2-AC83-AFB566EEA983;Поле Чудес (1,25"х100)1/1/1;pole_chudes__125h100_111;СР8840;Р8632;СР8840;А7618---;796;0.0395;0;0;0;0;0;0;0;0;0;;;0;0;0;0;;;0;;;;0;0;0;0;0;0;0;;;;;0;;0;0;;;0;0;0;0;0;0;0;;;;0;;0;0;;;0;;0;0;
B658816D-ECD0-44A2-AC83-AFB566EEA983;Полярная звезда (1,1"х6) 1/20/2;poljarnaja_zvezda__11h6__1202;СР96548;СР8643;СР96548;А5041---;796;0.0316;0;0;0;0;0;0;0;0;0;;;0;0;0;0;;;0;;;;0;0;0;0;0;0;0;;;;;0;;0;0;;;0;0;0;0;0;0;0;;;;0;;0;0;;;0;;0;0;
B658816D-ECD0-44A2-AC83-AFB566EEA983;Полярный экспресс (1,25"х36) 1/4/1;poljarnyj_jekspress__125h36__141;СР9225;Р8632;СР9225;А7407---;796;0.055;0;0;0;0;0;0;0;0;0;;;0;0;0;0;;;0;;;;0;0;0;0;0;0;0;;;;;0;;0;0;;;0;0;0;0;0;0;0;;;;0;;0;0;;;0;;0;0;
B658816D-ECD0-44A2-AC83-AFB566EEA983;Поп Поп 6/50/50;pop_pop_65050;СР97688;СР8798;СР97688;А1040new---;796;0.024;0;0;0;0;0;0;0;0;0;;;0;0;0;0;;;0;;;;0;0;0;0;0;0;0;;;;;0;;0;0;;;0;0;0;0;0;0;0;;;;0;;0;0;;;0;;0;0;
B658816D-ECD0-44A2-AC83-AFB566EEA983;Поп Поп 6/50/50;pop_pop_65050;СР99526;СР8798;СР99526;А1105---;796;0.024;0;0;0;0;0;0;0;0;0;;;1;0;0;0;;;0;;;;0;0;0;0;0;0;0;;;;;0;;0;0;;;0;0;0;0;0;0;0;;;;0;;0;0;;;0;;0;0;
B658816D-ECD0-44A2-AC83-AFB566EEA983;Пороховая бочка (1"х10) 1/10/1;porohovaja_bochka__1h10__1101;В0345;Р8632;В0345;А7029*---;796;0;0;0;0;0;0;0;0;0;0;;;0;0;0;0;;;0;;;;0;0;0;0;0;0;0;;;;;0;;0;0;;;0;0;0;0;0;0;0;;;;0;;0;0;;;0;;0;0;
B658816D-ECD0-44A2-AC83-AFB566EEA983;Посейдон (1,25"х25) 1/4/1;posejdon__125h25__141;СР8791;Р8632;СР8791;А7311---;796;0.0437;0;0;0;0;0;0;0;0;0;;;0;0;0;0;;;0;;;;0;0;0;0;0;0;0;;;;;0;;0;0;;;0;0;0;0;0;0;0;;;;0;;0;0;;;0;;0;0;
B658816D-ECD0-44A2-AC83-AFB566EEA983;Посиделки у ёлки (1,1"х63) 1/4/1;posidelki_u_jolki__11h63__141;СР99663;СР99676;СР99663;А7031;796;0.047;0;0;63;1;70;Легенда;4650099542026;4200;25;Батарея салютов Посиделки у ёлки;Красные звезды раскрываются красно-серебряным мерцанием, зеленые кометы раскрываются золотыми коронами в зеленых пионах, золотые кометы раскрываются сине-зелеными пионами, зеленые волны, переходящие в серебряное трещащее мерцание, золотые кометы раскрываются зелеными волнами в красном мерцании, золотые кометы раскрываются золотыми мерцающими хризантемами с синими жемчужинами, серебряные кометы раскрываются мерцающими трещащими коронами в красном мерцании, переходящими в эффект 1000 хризантем.;0;0;1;1;штука;упаковка;4;коробка;штука;штука;5.15;0.0118;1;1;22;17.5;28;см;см;см;;0;;515;0.01078;гр;м3;0;0;0;1;22;17.5;28;см;см;см;0;;515;0.01078;;м3;0;;0;0;
B658816D-ECD0-44A2-AC83-AFB566EEA983;Последний день  Помпеи (1,2х72) 1/2/1;poslednij_den__pompei__12h72__121;СР96366;СР8733;СР96366;D8342;796;0;0;0;0;0;0;0;0;0;0;;;0;0;0;0;;;0;;;;0;0;0;0;0;0;0;;;;;0;;0;0;;;0;0;0;0;0;0;0;;;;0;;0;0;;;0;;0;0;
B658816D-ECD0-44A2-AC83-AFB566EEA983;Последний день Помпеи;poslednij_den_pompei;СР9248;СР8733;СР9248;СББ040049;796;0;0;0;0;0;0;0;0;0;0;;;0;0;0;0;;;0;;;;0;0;0;0;0;0;0;;;;;0;;0;0;;;0;0;0;0;0;0;0;;;;0;;0;0;;;0;;0;0;
B658816D-ECD0-44A2-AC83-AFB566EEA983;Поход Тамерлана;pohod_tamerlana;СР9277;СР8733;СР9277;СББ054049;796;0;0;0;0;0;0;0;0;0;0;;;0;0;0;0;;;0;;;;0;0;0;0;0;0;0;;;;;0;;0;0;;;0;0;0;0;0;0;0;;;;0;;0;0;;;0;;0;0;
B658816D-ECD0-44A2-AC83-AFB566EEA983;Пошалим (0,8"х19) 1/16/1;poshalim__08h19__1161;СР9223;Р8632;СР9223;А7043---;796;0.04;0;0;19;0.8;25;Легенда;4650099541210;0;20;Батарея салютов Пошалим;Красные и зеленые звезды раскрываются кокосами в красных, зеленых и синих пионах, трещащем золотом мерцании.;1;0;1;1;штука;упаковка;16;коробка;штука;штука;0.81;0.0021;0;0;0;0;0;;;;;0;;0;0;;;0;0;0;0;0;0;0;;;;0;;0;0;;;0;;0;0;
B658816D-ECD0-44A2-AC83-AFB566EEA983;Пошалим (0,8"х19) 1/16/1;poshalim__08h19__1161;СР99773;СР99676;СР99773;А7043;796;0.034;0;0;19;0.8;25;Легенда;4650099541210;700;20;Батарея салютов Пошалим;Красные и зеленые звезды раскрываются кокосами в красных, зеленых и синих пионах, трещащем золотом мерцании.;0;0;1;1;штука;упаковка;16;коробка;штука;штука;0.81;0.0021;0;1;11.2;12;12.8;см;см;см;;0;;810;0.00172;гр;м3;0;0;0;0;11.2;12;12.8;см;см;см;0;;810;0.00172;;м3;0;;0;0;
B658816D-ECD0-44A2-AC83-AFB566EEA983;Праздник (1,25"х25) 1/4/1;prazdnik__125h25__141;182072*1;Р8632;182072*1;А7305---;796;0.046;0;0;0;0;0;0;0;0;0;;;0;0;0;0;;;0;;;;0;0;0;0;0;0;0;;;;;0;;0;0;;;0;0;0;0;0;0;0;;;;0;;0;0;;;0;;0;0;
B658816D-ECD0-44A2-AC83-AFB566EEA983;Праздник детства  (1,1"х19) 1/12/1 (модуль);prazdnik_detstva___11h19__1121__modul_;Т356;Т371;Т356;М7320;796;0.0692;0;0;19;1.1;35;Галактика;4650099542477;1150;30;Батарея салютов Праздник детства;Звездный дождь с красными стрелами, звездный дождь с зелеными стрелами, золотой шлейф раскрывается золотыми звездами на фоне падающего дождя.;0;0;1;1;штука;упаковка;12;коробка;штука;штука;1.67;0.0058;1;1;15;19.5;16.6;см;см;см;;0;;1670;0.004856;гр;м3;0;0;0;1;15;19.5;16.6;см;см;см;15;см;1670;0.004856;;м3;0;;0;0;
B658816D-ECD0-44A2-AC83-AFB566EEA983;Праздничная (1,2"х8)  1/15/2;prazdnichnaja__12h8___1152;СР9204;СР8643;СР9204;А5150---;796;0.0503;0;0;0;0;0;0;0;0;0;;;0;0;0;0;;;0;;;;0;0;0;0;0;0;0;;;;;0;;0;0;;;0;0;0;0;0;0;0;;;;0;;0;0;;;0;;0;0;
B658816D-ECD0-44A2-AC83-AFB566EEA983;Праздничная фантазия (1х16)   1/12/1;prazdnichnaja_fantazija__1h16____1121;СР96351;СР8733;СР96351;D7280;796;0;0;0;0;0;0;0;0;0;0;;;0;0;0;0;;;0;;;;0;0;0;0;0;0;0;;;;;0;;0;0;;;0;0;0;0;0;0;0;;;;0;;0;0;;;0;;0;0;
B658816D-ECD0-44A2-AC83-AFB566EEA983;Праздничный залп (1,1"х25) 1/8/1 (модуль);prazdnichnyj_zalp__11h25__181__modul_;Т355;Т371;Т355;М7340;796;0.0588;0;0;25;1.1;35;Галактика;4650099542484;1500;30;Батарея салютов Праздничный залп;Красная звезда с голубым шлейфом на фоне серебряного мерцания, зеленая звезда с голубым шлейфом на фоне серебряного мерцания, желтая звезда с голубым шлейфом на фоне золотого мерцания, голубая звезда с голубым шлейфом на фоне белого мерцания, пурпурная звезда с голубым шлейфом на фоне серебряного мерцания.;0;0;1;1;штука;упаковка;8;коробка;штука;штука;2.38;0.0066;0;1;15.1;19.5;18.4;см;см;см;;0;;2380;0.005418;гр;м3;0;0;0;0;15.1;19.5;18.4;см;см;см;15;см;2380;0.005418;;м3;0;;0;0;
B658816D-ECD0-44A2-AC83-AFB566EEA983;Президент (1,25"х300);prezident__125h300_;01524;СР9380;01524;01524;796;0;0;0;0;0;0;0;0;0;0;;;0;0;0;0;;;0;;;;0;0;0;0;0;0;0;;;;;0;;0;0;;;0;0;0;0;0;0;0;;;;0;;0;0;;;0;;0;0;
B658816D-ECD0-44A2-AC83-AFB566EEA983;Прометей (белый) 1/30/4;prometej__belyj__1304;182046*1;СР8629;182046*1;А4230---;796;0.0481;0;0;0;0;0;0;0;0;0;;;0;0;0;0;;;0;;;;0;0;0;0;0;0;0;;;;;0;;0;0;;;0;0;0;0;0;0;0;;;;0;;0;0;;;0;;0;0;
B658816D-ECD0-44A2-AC83-AFB566EEA983;Прометей (желтый) 1/30/4;prometej__zheltyj__1304;182046**;СР8629;182046**;А4210---;796;0.0481;0;0;0;0;0;0;0;0;0;;;0;0;0;0;;;0;;;;0;0;0;0;0;0;0;;;;;0;;0;0;;;0;0;0;0;0;0;0;;;;0;;0;0;;;0;;0;0;
B658816D-ECD0-44A2-AC83-AFB566EEA983;Прометей (зеленый) 1/30/4;prometej__zelenyj__1304;182046*;СР8629;182046*;А4200---;796;0.0481;0;0;0;0;0;0;0;0;0;;;0;0;0;0;;;0;;;;0;0;0;0;0;0;0;;;;;0;;0;0;;;0;0;0;0;0;0;0;;;;0;;0;0;;;0;;0;0;
B658816D-ECD0-44A2-AC83-AFB566EEA983;Прометей (красный) 1/30/4;prometej__krasnyj__1304;182046;СР8629;182046;А4190---;796;0.0481;0;0;0;0;55;Легенда;4620007266917;0;0.5;Настольный фонтан
цветной;Форс красного, синего, серебряного, зеленого и золотого огня.;1;0;1;5;штука;упаковка;120;коробка;упаковка;штука;0.13;0.0004;0;0;0;0;0;;;;;0;;0;0;;;0;0;0;0;0;0;0;;;;0;;0;0;;;0;;0;0;
B658816D-ECD0-44A2-AC83-AFB566EEA983;Пружинная хлопушка 11 см (конф + сюрприз) 1/6/24;pruzhinnaja_hlopushka_11_sm__konf__sjurpriz__1624;УТ000191;УТ000015;УТ000191;А0211;796;0;0;0;0;0;0;;0;0;;;;0;0;0;0;;;0;;;;0;0;0;0;0;0;0;;;;;0;;0;0;;;0;0;0;0;0;0;0;;;;0;;0;0;;;0;;0;0;
B658816D-ECD0-44A2-AC83-AFB566EEA983;Пружинная хлопушка 11 см (конфетти) 1/6/24;pruzhinnaja_hlopushka_11_sm__konfetti__1624;УТ000192;УТ000015;УТ000192;А0212;796;0;0;0;0;0;0;;0;0;;;;0;0;0;0;;;0;;;;0;0;0;0;0;0;0;;;;;0;;0;0;;;0;0;0;0;0;0;0;;;;0;;0;0;;;0;;0;0;
B658816D-ECD0-44A2-AC83-AFB566EEA983;Пружинная хлопушка 11см (конфетти+серпантин)1/6/24;pruzhinnaja_hlopushka_11sm__konfettiserpantin_1624;УТ000193;УТ000015;УТ000193;А0213;796;0;0;0;0;0;0;;0;0;;;;0;0;0;0;;;0;;;;0;0;0;0;0;0;0;;;;;0;;0;0;;;0;0;0;0;0;0;0;;;;0;;0;0;;;0;;0;0;
B658816D-ECD0-44A2-AC83-AFB566EEA983;Пружинная хлопушка 15 см (конфетти) 1/6/24;pruzhinnaja_hlopushka_15_sm__konfetti__1624;УТ000194;УТ000015;УТ000194;А0215;796;0;0;0;0;0;0;;0;0;;;;0;0;0;0;;;0;;;;0;0;0;0;0;0;0;;;;;0;;0;0;;;0;0;0;0;0;0;0;;;;0;;0;0;;;0;;0;0;
B658816D-ECD0-44A2-AC83-AFB566EEA983;Пружинная хлопушка 20 см (конфетти) 1/8/24;pruzhinnaja_hlopushka_20_sm__konfetti__1824;УТ000195;УТ000015;УТ000195;А0216;796;0;0;0;0;0;0;;0;0;;;;0;0;0;0;;;0;;;;0;0;0;0;0;0;0;;;;;0;;0;0;;;0;0;0;0;0;0;0;;;;0;;0;0;;;0;;0;0;
B658816D-ECD0-44A2-AC83-AFB566EEA983;Прыжок (0,7"х7) 1/48/1;pryzhok__07h7__1481;СР99532;СР9380;СР99532;01010;796;0;0;0;0;0;0;0;0;0;0;;;0;0;0;0;;;0;;;;0;0;0;0;0;0;0;;;;;0;;0;0;;;0;0;0;0;0;0;0;;;;0;;0;0;;;0;;0;0;
B658816D-ECD0-44A2-AC83-AFB566EEA983;Птица-тройка (0,8"-1"-1.25"-1.5"х68) 1/2/1;pticatrojka__0811.251.5h68__121;01120;СР9380;01120;01120;796;0;0;0;0;0;0;0;0;0;0;;;0;0;0;0;;;0;;;;0;0;0;0;0;0;0;;;;;0;;0;0;;;0;0;0;0;0;0;0;;;;0;;0;0;;;0;;0;0;
B658816D-ECD0-44A2-AC83-AFB566EEA983;Пульсар (с парашютом) 20/8/6;pulsar__s_parashjutom__2086;СР99163;СР99158;СР99163;02003;796;0;0;0;0;0;0;0;0;0;0;;;0;0;0;0;;;0;;;;0;0;0;0;0;0;0;;;;;0;;0;0;;;0;0;0;0;0;0;0;;;;0;;0;0;;;0;;0;0;
B658816D-ECD0-44A2-AC83-AFB566EEA983;Пучина (0,8"х7) 1/48/1;puchina__08h7__1481;В0337;Р8632;В0337;А7016---;796;0.033;0;0;7;0.8;20;Легенда;4650099542866;0;17;Батарея салютов Пучина;Зеленые и красные звезды раскрываются красными и зелеными пионами в золотом мерцании.;0;0;1;1;штука;упаковка;48;коробка;штука;штука;0.31;0.0007;0;0;0;0;0;;;;;0;;0;0;;;0;0;0;0;0;0;0;;;;0;;0;0;;;0;;0;0;
B658816D-ECD0-44A2-AC83-AFB566EEA983;Пучина (0,8"х7) 1/48/1;puchina__08h7__1481;Т7016;СР99676;Т7016;А7016;796;0.0325;0;0;7;0.8;20;Легенда;4650099542866;0;17;Батарея салютов Пучина;Зеленые и красные звезды раскрываются красными и зелеными пионами в золотом мерцании.;0;0;1;1;штука;упаковка;48;коробка;штука;штука;0.31;0.0007;0;1;7;10;7;см;см;см;;0;;310;0.00049;гр;м3;0;0;0;0;7;10;7;см;см;см;0;;310;0.00049;;м3;0;;0;0;